"block","scenario_id","comparison","method_new","method_ref","abs_bias_new","abs_bias_ref","abs_bias_reduction","mse_new","mse_ref","mse_reduction","rel_mse"
"A_independent",1,"G-sCAP(0.50) vs IPCW-X","gscap_x_l050","ipcw_x",0.0209432439073139,0.00760380348313177,-0.0133394404241821,0.00435818463783729,0.00410154336635619,-0.0002566412714811,1.06257187808527
"A_independent",2,"G-sCAP(0.50) vs IPCW-X","gscap_x_l050","ipcw_x",0.0226731435535569,0.0112966533964627,-0.0113764901570942,0.00642681838285558,0.00648381247284293,5.69940899873504e-05,0.991209787416575
"A_independent",3,"G-sCAP(0.50) vs IPCW-X","gscap_x_l050","ipcw_x",0.0277067733223622,0.0121259997492539,-0.0155807735731083,0.00778212474305791,0.00789592140782193,0.000113796664764019,0.98558791825723
"A_independent",4,"G-sCAP(0.50) vs IPCW-X","gscap_x_l050","ipcw_x",0.0245393501539111,0.0180913224717458,-0.0064480276821653,0.0112807976797147,0.0129186303951603,0.0016378327154456,0.873219322378076
"A_independent",5,"G-sCAP(0.50) vs IPCW-X","gscap_x_l050","ipcw_x",0.0124249870342744,0.00336908043667052,-0.00905590659760388,0.00153383386408047,0.00146179135144248,-7.204251263799e-05,1.04928371793067
"A_independent",6,"G-sCAP(0.50) vs IPCW-X","gscap_x_l050","ipcw_x",0.00806385902756956,0.000163119630771983,-0.00790073939679758,0.00135459051729662,0.00148362801374579,0.00012903749644917,0.913025707755826
"A_independent",7,"G-sCAP(0.50) vs IPCW-X","gscap_x_l050","ipcw_x",0.0164163039440709,0.00549714195364874,-0.0109191619904222,0.00197188073834693,0.0018982170919154,-7.36636464315301e-05,1.03880675542606
"A_independent",8,"G-sCAP(0.50) vs IPCW-X","gscap_x_l050","ipcw_x",0.0123739104612435,0.002023108656532,-0.0103508018047115,0.0025769158552415,0.00247795938841656,-9.89564668249401e-05,1.039934660466
"A_independent",9,"G-sCAP(0.50) vs IPCW-X","gscap_x_l050","ipcw_x",0.00907444263075183,0.00268320770772973,-0.0063912349230221,0.00087638754263594,0.000839663228976465,-3.6724313659475e-05,1.04373695595107
"A_independent",10,"G-sCAP(0.50) vs IPCW-X","gscap_x_l050","ipcw_x",0.00792053505423765,0.00177385372437199,-0.00614668132986566,0.000741692351324034,0.000715742038896868,-2.59503124271659e-05,1.03625651563958
"A_independent",11,"G-sCAP(0.50) vs IPCW-X","gscap_x_l050","ipcw_x",0.00850602934987341,0.000698007089486155,-0.00780802226038725,0.00122526221419542,0.00127497815481445,4.971594061903e-05,0.961006437301457
"A_independent",12,"G-sCAP(0.50) vs IPCW-X","gscap_x_l050","ipcw_x",0.0101106487717774,0.00301703091802763,-0.00709361785374977,0.00128378699225631,0.00130004855053024,1.626155827393e-05,0.987491576166677
"A_independent",13,"G-sCAP(0.50) vs IPCW-X","gscap_x_l050","ipcw_x",0.0029490537429961,0.00370349745455365,0.00075444371155755,0.00646422344120792,0.00702260922289438,0.00055838578168646,0.920487419424383
"A_independent",14,"G-sCAP(0.50) vs IPCW-X","gscap_x_l050","ipcw_x",0.00464568952639752,0.00152397083332434,-0.00312171869307318,0.0104627322782981,0.0103422459616506,-0.000120486316647501,1.0116499179283
"A_independent",15,"G-sCAP(0.50) vs IPCW-X","gscap_x_l050","ipcw_x",0.00141886483580035,0.000237940827588793,-0.00118092400821156,0.0119651883035049,0.0154868538235328,0.0035216655200279,0.772602908237139
"A_independent",16,"G-sCAP(0.50) vs IPCW-X","gscap_x_l050","ipcw_x",0.00478800195857243,0.00228486523444849,-0.00250313672412394,0.0224550839036257,0.023694033447312,0.0012389495436863,0.947710483888641
"A_independent",17,"G-sCAP(0.50) vs IPCW-X","gscap_x_l050","ipcw_x",7.04374935983986e-05,0.000166665369233646,9.62278756352474e-05,0.00220833501619728,0.00251887344389319,0.00031053842769591,0.876715351281826
"A_independent",18,"G-sCAP(0.50) vs IPCW-X","gscap_x_l050","ipcw_x",0.00463012204876047,0.00497235145777945,0.00034222940901898,0.00202670795863462,0.00228073642418536,0.00025402846555074,0.888619981310872
"A_independent",19,"G-sCAP(0.50) vs IPCW-X","gscap_x_l050","ipcw_x",0.00312432929451778,0.00316210588692536,3.77765924075802e-05,0.00273762481412872,0.00345123782545029,0.00071361301132157,0.793229835956476
"A_independent",20,"G-sCAP(0.50) vs IPCW-X","gscap_x_l050","ipcw_x",0.00672420821667532,0.00873255938749145,0.00200835117081613,0.00528321300991862,0.00651862029993203,0.00123540729001341,0.810480249934746
"A_independent",21,"G-sCAP(0.50) vs IPCW-X","gscap_x_l050","ipcw_x",8.13318852976042e-05,0.000293785829609616,0.000212453944312012,0.00119639193453051,0.0013646719788326,0.00016828004430209,0.876688283402694
"A_independent",22,"G-sCAP(0.50) vs IPCW-X","gscap_x_l050","ipcw_x",0.00128456761621732,0.00164325982644915,0.00035869221023183,0.00122976394008075,0.00138041820216062,0.00015065426207987,0.890863318200189
"A_independent",23,"G-sCAP(0.50) vs IPCW-X","gscap_x_l050","ipcw_x",0.000881578243744782,0.00110593834706331,0.000224360103318528,0.0016049430576272,0.0020656676290225,0.0004607245713953,0.776960937508944
"A_independent",24,"G-sCAP(0.50) vs IPCW-X","gscap_x_l050","ipcw_x",0.00155316647167078,0.00123809285109839,-0.00031507362057239,0.00196199745270564,0.00256520145708315,0.00060320400437751,0.764851215598714
"A_independent",25,"G-sCAP(0.50) vs IPCW-X","gscap_x_l050","ipcw_x",0.0269157416137533,0.0113723289265552,-0.0155434126871981,0.00573264006966387,0.00584421726342036,0.00011157719375649,0.980908103048313
"A_independent",26,"G-sCAP(0.50) vs IPCW-X","gscap_x_l050","ipcw_x",0.0200594743113586,0.0076628576956152,-0.0123966166157434,0.00711655540721314,0.00760602028178493,0.00048946487457179,0.935647703209
"A_independent",27,"G-sCAP(0.50) vs IPCW-X","gscap_x_l050","ipcw_x",0.0428988562683223,0.0184104392657157,-0.0244884170026066,0.0123743306069535,0.0117121100422203,-0.000662220564733201,1.05654152516891
"A_independent",28,"G-sCAP(0.50) vs IPCW-X","gscap_x_l050","ipcw_x",0.0652237116121593,0.044043124206719,-0.0211805874054403,0.0237818663817174,0.0228022526172512,-0.000979613764466199,1.0429612714546
"A_independent",29,"G-sCAP(0.50) vs IPCW-X","gscap_x_l050","ipcw_x",0.0144326166896899,0.00104424996586822,-0.0133883667238217,0.00183299525905835,0.00176009331799156,-7.290194106679e-05,1.04141936130408
"A_independent",30,"G-sCAP(0.50) vs IPCW-X","gscap_x_l050","ipcw_x",0.0150856271661899,0.00199064661462401,-0.0130949805515659,0.00164563696181491,0.00148824737667754,-0.00015738958513737,1.10575498912603
"A_independent",31,"G-sCAP(0.50) vs IPCW-X","gscap_x_l050","ipcw_x",0.0268772896095053,0.00538648913638223,-0.0214908004731231,0.00293262618468574,0.0024474719200207,-0.00048515426466504,1.19822669289744
"A_independent",32,"G-sCAP(0.50) vs IPCW-X","gscap_x_l050","ipcw_x",0.018877692333465,0.000109886388597022,-0.018767805944868,0.0036391315410069,0.00374597540965873,0.00010684386865183,0.971477690863549
"A_independent",33,"G-sCAP(0.50) vs IPCW-X","gscap_x_l050","ipcw_x",0.0124229235617378,1.92505732818527e-05,-0.0124036729884559,0.00119697209252709,0.00111633508470442,-8.06370078226702e-05,1.07223369481756
"A_independent",34,"G-sCAP(0.50) vs IPCW-X","gscap_x_l050","ipcw_x",0.00996750403337196,0.00178728672053104,-0.00818021731284092,0.00105010856649085,0.00102283060955431,-2.727795693654e-05,1.02666908545925
"A_independent",35,"G-sCAP(0.50) vs IPCW-X","gscap_x_l050","ipcw_x",0.0185427016655291,0.000463246518621743,-0.0180794551469074,0.00167730152739236,0.00152986428081757,-0.00014743724657479,1.09637276222699
"A_independent",36,"G-sCAP(0.50) vs IPCW-X","gscap_x_l050","ipcw_x",0.0145482675039534,0.00126173689732688,-0.0132865306066265,0.00199269550831347,0.00195379230036724,-3.890320794623e-05,1.01991163950176
"A_independent",37,"G-sCAP(0.50) vs IPCW-X","gscap_x_l050","ipcw_x",0.0260033013904524,0.00833908413813165,-0.0176642172523208,0.00339221980466214,0.0032796402953389,-0.00011257950932324,1.0343267856183
"A_independent",38,"G-sCAP(0.50) vs IPCW-X","gscap_x_l050","ipcw_x",0.0351696309947845,0.0205740008587936,-0.0145956301359909,0.00609291502948025,0.0060370145149503,-5.59005145299501e-05,1.0092596289758
"A_independent",39,"G-sCAP(0.50) vs IPCW-X","gscap_x_l050","ipcw_x",0.0649629906621516,0.0403708789307734,-0.0245921117313782,0.0135526445791417,0.0115981400888427,-0.001954504490299,1.16851878623015
"A_independent",40,"G-sCAP(0.50) vs IPCW-X","gscap_x_l050","ipcw_x",0.0962407487463453,0.0711406264607159,-0.0251001222856294,0.0258119127795504,0.0203982433473735,-0.0054136694321769,1.26539880616112
"A_independent",41,"G-sCAP(0.50) vs IPCW-X","gscap_x_l050","ipcw_x",0.0161509218335857,0.00387213232690687,-0.0122787895066788,0.00107502366010103,0.000836560438020109,-0.000238463222080921,1.28505199534094
"A_independent",42,"G-sCAP(0.50) vs IPCW-X","gscap_x_l050","ipcw_x",0.0142382156466214,0.00340375844038731,-0.0108344572062341,0.000907888090743309,0.000726567097044671,-0.000181320993698638,1.24955849836328
"A_independent",43,"G-sCAP(0.50) vs IPCW-X","gscap_x_l050","ipcw_x",0.0192921326208328,0.00329295370366339,-0.0159991789171694,0.00156712290451678,0.00128297094674264,-0.00028415195777414,1.22147965119209
"A_independent",44,"G-sCAP(0.50) vs IPCW-X","gscap_x_l050","ipcw_x",0.0209693467305343,0.00808841524386925,-0.0128809314866651,0.00253640135220582,0.00211989814437918,-0.00041650320782664,1.19647321685289
"A_independent",45,"G-sCAP(0.50) vs IPCW-X","gscap_x_l050","ipcw_x",0.0105645403017918,0.000202963262577799,-0.010361577039214,0.000578316665748318,0.000470181865735102,-0.000108134800013216,1.22998505024041
"A_independent",46,"G-sCAP(0.50) vs IPCW-X","gscap_x_l050","ipcw_x",0.0101792605829344,0.00118205751802666,-0.00899720306490774,0.000462247930173844,0.000362107388963601,-0.000100140541210243,1.27654928969237
"A_independent",47,"G-sCAP(0.50) vs IPCW-X","gscap_x_l050","ipcw_x",0.0159492013993019,0.00253169738337428,-0.0134175040159276,0.00095291400658841,0.000731241347305335,-0.000221672659283075,1.30314568521043
"A_independent",48,"G-sCAP(0.50) vs IPCW-X","gscap_x_l050","ipcw_x",0.0132328079445673,0.00122291898140166,-0.0120098889631656,0.00091405403837443,0.000817790363007236,-9.6263675367194e-05,1.11771192193218
"A_independent",1,"G-sCAP(1.00) vs IPCW-X","gscap_x_l100","ipcw_x",0.0326418238728321,0.00760380348313177,-0.0250380203897003,0.00477049674707026,0.00410154336635619,-0.00066895338071407,1.1630979660489
"A_independent",2,"G-sCAP(1.00) vs IPCW-X","gscap_x_l100","ipcw_x",0.0343412830199763,0.0112966533964627,-0.0230446296235136,0.00697329027583957,0.00648381247284293,-0.00048947780299664,1.07549228251847
"A_independent",3,"G-sCAP(1.00) vs IPCW-X","gscap_x_l100","ipcw_x",0.0488802207894791,0.0121259997492539,-0.0367542210402252,0.00921990801617624,0.00789592140782193,-0.00132398660835431,1.16767981087587
"A_independent",4,"G-sCAP(1.00) vs IPCW-X","gscap_x_l100","ipcw_x",0.0397911949996161,0.0180913224717458,-0.0216998725278703,0.0120311084765455,0.0129186303951603,0.000887521918614801,0.931299070298714
"A_independent",5,"G-sCAP(1.00) vs IPCW-X","gscap_x_l100","ipcw_x",0.0212999521180391,0.00336908043667052,-0.0179308716813686,0.00182276557977467,0.00146179135144248,-0.00036097422833219,1.24693963880412
"A_independent",6,"G-sCAP(1.00) vs IPCW-X","gscap_x_l100","ipcw_x",0.0168109109470885,0.000163119630771983,-0.0166477913163165,0.00164718305400205,0.00148362801374579,-0.00016355504025626,1.11023992452348
"A_independent",7,"G-sCAP(1.00) vs IPCW-X","gscap_x_l100","ipcw_x",0.0277998394361749,0.00549714195364874,-0.0223026974825262,0.00246896504993873,0.0018982170919154,-0.00057074795802333,1.30067580808021
"A_independent",8,"G-sCAP(1.00) vs IPCW-X","gscap_x_l100","ipcw_x",0.0228122061324324,0.002023108656532,-0.0207890974759004,0.00254488337560986,0.00247795938841656,-6.69239871933002e-05,1.02700770137967
"A_independent",9,"G-sCAP(1.00) vs IPCW-X","gscap_x_l100","ipcw_x",0.0154101865557743,0.00268320770772973,-0.0127269788480446,0.0010202292588505,0.000839663228976465,-0.000180566029874035,1.21504577507121
"A_independent",10,"G-sCAP(1.00) vs IPCW-X","gscap_x_l100","ipcw_x",0.0139027440605667,0.00177385372437199,-0.0121288903361947,0.000868440250123371,0.000715742038896868,-0.000152698211226503,1.21334252136684
"A_independent",11,"G-sCAP(1.00) vs IPCW-X","gscap_x_l100","ipcw_x",0.0166087073459214,0.000698007089486155,-0.0159107002564352,0.00134410318732859,0.00127497815481445,-6.912503251414e-05,1.05421664069546
"A_independent",12,"G-sCAP(1.00) vs IPCW-X","gscap_x_l100","ipcw_x",0.0174248479209824,0.00301703091802763,-0.0144078170029548,0.00145389208891981,0.00130004855053024,-0.00015384353838957,1.11833676390533
"A_independent",13,"G-sCAP(1.00) vs IPCW-X","gscap_x_l100","ipcw_x",0.00331521137818897,0.00370349745455365,0.00038828607636468,0.00607561292624452,0.00702260922289438,0.00094699629664986,0.865150364117861
"A_independent",14,"G-sCAP(1.00) vs IPCW-X","gscap_x_l100","ipcw_x",0.00532955727520867,0.00152397083332434,-0.00380558644188433,0.0103032655940624,0.0103422459616506,3.89803675881987e-05,0.996230957208643
"A_independent",15,"G-sCAP(1.00) vs IPCW-X","gscap_x_l100","ipcw_x",0.0015136402801862,0.000237940827588793,-0.00127569945259741,0.0115135730097755,0.0154868538235328,0.0039732808137573,0.743441704878769
"A_independent",16,"G-sCAP(1.00) vs IPCW-X","gscap_x_l100","ipcw_x",0.00387665378429797,0.00228486523444849,-0.00159178854984948,0.0227231330156065,0.023694033447312,0.000970900431705498,0.959023421070774
"A_independent",17,"G-sCAP(1.00) vs IPCW-X","gscap_x_l100","ipcw_x",0.000242178202770441,0.000166665369233646,-7.5512833536795e-05,0.0020931213762639,0.00251887344389319,0.00042575206762929,0.830975204942713
"A_independent",18,"G-sCAP(1.00) vs IPCW-X","gscap_x_l100","ipcw_x",0.0045092095877974,0.00497235145777945,0.000463141869982049,0.00196759422659214,0.00228073642418536,0.00031314219759322,0.862701277415224
"A_independent",19,"G-sCAP(1.00) vs IPCW-X","gscap_x_l100","ipcw_x",0.00295972807300522,0.00316210588692536,0.00020237781392014,0.00248901467034931,0.00345123782545029,0.00096222315510098,0.721194770176281
"A_independent",20,"G-sCAP(1.00) vs IPCW-X","gscap_x_l100","ipcw_x",0.00582376153582243,0.00873255938749145,0.00290879785166902,0.00445138838095558,0.00651862029993203,0.00206723191897645,0.682872782297505
"A_independent",21,"G-sCAP(1.00) vs IPCW-X","gscap_x_l100","ipcw_x",0.000113473306240494,0.000293785829609616,0.000180312523369122,0.00113069248768616,0.0013646719788326,0.00023397949114644,0.828545251330949
"A_independent",22,"G-sCAP(1.00) vs IPCW-X","gscap_x_l100","ipcw_x",0.00087474098101394,0.00164325982644915,0.00076851884543521,0.0011734942394986,0.00138041820216062,0.00020692396266202,0.850100525813015
"A_independent",23,"G-sCAP(1.00) vs IPCW-X","gscap_x_l100","ipcw_x",0.000682580040814764,0.00110593834706331,0.000423358306248546,0.00142351810951717,0.0020656676290225,0.00064214951950533,0.689132215423638
"A_independent",24,"G-sCAP(1.00) vs IPCW-X","gscap_x_l100","ipcw_x",0.00304122519717566,0.00123809285109839,-0.00180313234607727,0.00180449678368355,0.00256520145708315,0.0007607046733996,0.703452268320249
"A_independent",25,"G-sCAP(1.00) vs IPCW-X","gscap_x_l100","ipcw_x",0.0425018824862466,0.0113723289265552,-0.0311295535596914,0.00693203024333425,0.00584421726342036,-0.00108781297991389,1.18613493148563
"A_independent",26,"G-sCAP(1.00) vs IPCW-X","gscap_x_l100","ipcw_x",0.037367888814683,0.0076628576956152,-0.0297050311190678,0.0102364711077199,0.00760602028178493,-0.00263045082593497,1.34583799785999
"A_independent",27,"G-sCAP(1.00) vs IPCW-X","gscap_x_l100","ipcw_x",0.0710646650012185,0.0184104392657157,-0.0526542257355028,0.0170702747646739,0.0117121100422203,-0.0053581647224536,1.45748927419041
"A_independent",28,"G-sCAP(1.00) vs IPCW-X","gscap_x_l100","ipcw_x",0.0807373620744582,0.044043124206719,-0.0366942378677392,0.0260897655632415,0.0228022526172512,-0.0032875129459903,1.14417491995958
"A_independent",29,"G-sCAP(1.00) vs IPCW-X","gscap_x_l100","ipcw_x",0.0277143595916974,0.00104424996586822,-0.0266701096258292,0.00238450501206906,0.00176009331799156,-0.0006244116940775,1.35476056166727
"A_independent",30,"G-sCAP(1.00) vs IPCW-X","gscap_x_l100","ipcw_x",0.027765558876472,0.00199064661462401,-0.025774912261848,0.00223224471017956,0.00148824737667754,-0.00074399733350202,1.49991509822982
"A_independent",31,"G-sCAP(1.00) vs IPCW-X","gscap_x_l100","ipcw_x",0.0475757609929548,0.00538648913638223,-0.0421892718565726,0.00455680872877598,0.0024474719200207,-0.00210933680875528,1.8618431090059
"A_independent",32,"G-sCAP(1.00) vs IPCW-X","gscap_x_l100","ipcw_x",0.0383824197134629,0.000109886388597022,-0.0382725333248659,0.00496606619524365,0.00374597540965873,-0.00122009078558492,1.32570709952847
"A_independent",33,"G-sCAP(1.00) vs IPCW-X","gscap_x_l100","ipcw_x",0.0247696727687851,1.92505732818527e-05,-0.0247504221955033,0.00165526190748298,0.00111633508470442,-0.00053892682277856,1.48276438693249
"A_independent",34,"G-sCAP(1.00) vs IPCW-X","gscap_x_l100","ipcw_x",0.0213667627853375,0.00178728672053104,-0.0195794760648065,0.00139523782665315,0.00102283060955431,-0.00037240721709884,1.36409471286855
"A_independent",35,"G-sCAP(1.00) vs IPCW-X","gscap_x_l100","ipcw_x",0.035688862357706,0.000463246518621743,-0.0352256158390843,0.00259035152397968,0.00152986428081757,-0.00106048724316211,1.69319040679568
"A_independent",36,"G-sCAP(1.00) vs IPCW-X","gscap_x_l100","ipcw_x",0.0310179652952744,0.00126173689732688,-0.0297562283979475,0.00276001263260008,0.00195379230036724,-0.00080622033223284,1.412643827126
"A_independent",37,"G-sCAP(1.00) vs IPCW-X","gscap_x_l100","ipcw_x",0.045234227141459,0.00833908413813165,-0.0368951430033274,0.00555600194249631,0.0032796402953389,-0.00227636164715741,1.69408881528643
"A_independent",38,"G-sCAP(1.00) vs IPCW-X","gscap_x_l100","ipcw_x",0.0507026993538921,0.0205740008587936,-0.0301286984950985,0.00741306014635549,0.0060370145149503,-0.00137604563140519,1.22793478928989
"A_independent",39,"G-sCAP(1.00) vs IPCW-X","gscap_x_l100","ipcw_x",0.0867537890624425,0.0403708789307734,-0.0463829101316691,0.0162952811500736,0.0115981400888427,-0.0046971410612309,1.40499088864684
"A_independent",40,"G-sCAP(1.00) vs IPCW-X","gscap_x_l100","ipcw_x",0.116241996838176,0.0711406264607159,-0.0451013703774601,0.0303251779649535,0.0203982433473735,-0.00992693461758,1.48665634822217
"A_independent",41,"G-sCAP(1.00) vs IPCW-X","gscap_x_l100","ipcw_x",0.0287654154987646,0.00387213232690687,-0.0248932831718577,0.00169810379757476,0.000836560438020109,-0.000861543359554651,2.02986385728886
"A_independent",42,"G-sCAP(1.00) vs IPCW-X","gscap_x_l100","ipcw_x",0.0254017047321669,0.00340375844038731,-0.0219979462917796,0.00159872447312536,0.000726567097044671,-0.000872157376080689,2.20038105169944
"A_independent",43,"G-sCAP(1.00) vs IPCW-X","gscap_x_l100","ipcw_x",0.0352888046177776,0.00329295370366339,-0.0319958509141142,0.00249191918189957,0.00128297094674264,-0.00120894823515693,1.94230367275764
"A_independent",44,"G-sCAP(1.00) vs IPCW-X","gscap_x_l100","ipcw_x",0.0344836143027536,0.00808841524386925,-0.0263951990588844,0.00305878959323976,0.00211989814437918,-0.00093889144886058,1.44289460385161
"A_independent",45,"G-sCAP(1.00) vs IPCW-X","gscap_x_l100","ipcw_x",0.0207875014947691,0.000202963262577799,-0.0205845382321913,0.000921887421401668,0.000470181865735102,-0.000451705555666566,1.96070390754086
"A_independent",46,"G-sCAP(1.00) vs IPCW-X","gscap_x_l100","ipcw_x",0.0191576176046486,0.00118205751802666,-0.0179755600866219,0.000744856474344752,0.000362107388963601,-0.000382749085381151,2.0570043502195
"A_independent",47,"G-sCAP(1.00) vs IPCW-X","gscap_x_l100","ipcw_x",0.0291985518398021,0.00253169738337428,-0.0266668544564278,0.00157140372147421,0.000731241347305335,-0.000840162374168875,2.14895359413813
"A_independent",48,"G-sCAP(1.00) vs IPCW-X","gscap_x_l100","ipcw_x",0.025461453803999,0.00122291898140166,-0.0242385348225973,0.00152981363158796,0.000817790363007236,-0.000712023268580724,1.87066722816642
"A_independent",1,"G-sCAP(0.50) vs PL-sCAP(0.50)","gscap_x_l050","scap_x_l050",0.0209432439073139,0.0208167319107409,-0.000126511996573,0.00435818463783729,0.00408776418350621,-0.00027042045433108,1.06615363367148
"A_independent",2,"G-sCAP(0.50) vs PL-sCAP(0.50)","gscap_x_l050","scap_x_l050",0.0226731435535569,0.0202371255277157,-0.0024360180258412,0.00642681838285558,0.00450473729896296,-0.00192208108389262,1.42667994964659
"A_independent",3,"G-sCAP(0.50) vs PL-sCAP(0.50)","gscap_x_l050","scap_x_l050",0.0277067733223622,0.029492990318235,0.0017862169958728,0.00778212474305791,0.0064418411325687,-0.00134028361048921,1.20805909101251
"A_independent",4,"G-sCAP(0.50) vs PL-sCAP(0.50)","gscap_x_l050","scap_x_l050",0.0245393501539111,0.0233079950521655,-0.0012313551017456,0.0112807976797147,0.00619861892502853,-0.00508217875468617,1.81988888430704
"A_independent",5,"G-sCAP(0.50) vs PL-sCAP(0.50)","gscap_x_l050","scap_x_l050",0.0124249870342744,0.0122575863079519,-0.0001674007263225,0.00153383386408047,0.00152102407019672,-1.28097938837501e-05,1.00842182193875
"A_independent",6,"G-sCAP(0.50) vs PL-sCAP(0.50)","gscap_x_l050","scap_x_l050",0.00806385902756956,0.0081596753985069,9.58163709373384e-05,0.00135459051729662,0.00134139055085145,-1.319996644517e-05,1.00984050948979
"A_independent",7,"G-sCAP(0.50) vs PL-sCAP(0.50)","gscap_x_l050","scap_x_l050",0.0164163039440709,0.0166012450765247,0.000184941132453799,0.00197188073834693,0.00196060945725506,-1.127128109187e-05,1.00574886602233
"A_independent",8,"G-sCAP(0.50) vs PL-sCAP(0.50)","gscap_x_l050","scap_x_l050",0.0123739104612435,0.0130298788980426,0.0006559684367991,0.0025769158552415,0.00201934676313625,-0.00055756909210525,1.27611359390266
"A_independent",9,"G-sCAP(0.50) vs PL-sCAP(0.50)","gscap_x_l050","scap_x_l050",0.00907444263075183,0.00897460471819078,-9.98379125610495e-05,0.00087638754263594,0.000876521489764241,1.33947128300952e-07,0.999847183292292
"A_independent",10,"G-sCAP(0.50) vs PL-sCAP(0.50)","gscap_x_l050","scap_x_l050",0.00792053505423765,0.00781661408094242,-0.00010392097329523,0.000741692351324034,0.000740841758542362,-8.50592781671995e-07,1.00114814367827
"A_independent",11,"G-sCAP(0.50) vs PL-sCAP(0.50)","gscap_x_l050","scap_x_l050",0.00850602934987341,0.00860551972037231,9.94903704988996e-05,0.00122526221419542,0.00121251033620532,-1.27518779901e-05,1.01051692312167
"A_independent",12,"G-sCAP(0.50) vs PL-sCAP(0.50)","gscap_x_l050","scap_x_l050",0.0101106487717774,0.0105911025424593,0.000480453770681899,0.00128378699225631,0.00126103486979979,-2.275212245652e-05,1.01804242134885
"A_independent",13,"G-sCAP(0.50) vs PL-sCAP(0.50)","gscap_x_l050","scap_x_l050",0.0029490537429961,0.00357750751397041,0.00062845377097431,0.00646422344120792,0.00610840847369561,-0.00035581496751231,1.05825002847215
"A_independent",14,"G-sCAP(0.50) vs PL-sCAP(0.50)","gscap_x_l050","scap_x_l050",0.00464568952639752,0.00158822120656848,-0.00305746831982904,0.0104627322782981,0.006035538851643,-0.0044271934266551,1.73352082315731
"A_independent",15,"G-sCAP(0.50) vs PL-sCAP(0.50)","gscap_x_l050","scap_x_l050",0.00141886483580035,0.00263048595801563,0.00121162112221528,0.0119651883035049,0.00891962904764256,-0.00304555925586234,1.34144460936604
"A_independent",16,"G-sCAP(0.50) vs PL-sCAP(0.50)","gscap_x_l050","scap_x_l050",0.00478800195857243,0.00262351441671267,-0.00216448754185976,0.0224550839036257,0.0092332766420311,-0.0132218072615946,2.4319734774768
"A_independent",17,"G-sCAP(0.50) vs PL-sCAP(0.50)","gscap_x_l050","scap_x_l050",7.04374935983986e-05,0.000394294668734827,0.000323857175136428,0.00220833501619728,0.00220812858995901,-2.06426238269931e-07,1.00009348469976
"A_independent",18,"G-sCAP(0.50) vs PL-sCAP(0.50)","gscap_x_l050","scap_x_l050",0.00463012204876047,0.00462895769034348,-1.16435841699021e-06,0.00202670795863462,0.00200327363043813,-2.34343281964901e-05,1.01169801660663
"A_independent",19,"G-sCAP(0.50) vs PL-sCAP(0.50)","gscap_x_l050","scap_x_l050",0.00312432929451778,0.0017238541359303,-0.00140047515858748,0.00273762481412872,0.00261093877989765,-0.00012668603423107,1.0485212580266
"A_independent",20,"G-sCAP(0.50) vs PL-sCAP(0.50)","gscap_x_l050","scap_x_l050",0.00672420821667532,0.00410048787183575,-0.00262372034483957,0.00528321300991862,0.0032627592308038,-0.00202045377911482,1.61924697355528
"A_independent",21,"G-sCAP(0.50) vs PL-sCAP(0.50)","gscap_x_l050","scap_x_l050",8.13318852976042e-05,6.21590766055164e-05,-1.91728086920878e-05,0.00119639193453051,0.00118317955340637,-1.32123811241401e-05,1.01116684368497
"A_independent",22,"G-sCAP(0.50) vs PL-sCAP(0.50)","gscap_x_l050","scap_x_l050",0.00128456761621732,0.00115850535131986,-0.00012606226489746,0.00122976394008075,0.00122451771543267,-5.24622464808007e-06,1.00428431910944
"A_independent",23,"G-sCAP(0.50) vs PL-sCAP(0.50)","gscap_x_l050","scap_x_l050",0.000881578243744782,0.00127832485710198,0.000396746613357198,0.0016049430576272,0.00157243200378434,-3.25110538428601e-05,1.0206756500533
"A_independent",24,"G-sCAP(0.50) vs PL-sCAP(0.50)","gscap_x_l050","scap_x_l050",0.00155316647167078,0.00135033265592468,-0.0002028338157461,0.00196199745270564,0.00174306868763161,-0.00021892876507403,1.12559962015697
"A_independent",25,"G-sCAP(0.50) vs PL-sCAP(0.50)","gscap_x_l050","scap_x_l050",0.0269157416137533,0.0259057819566217,-0.0010099596571316,0.00573264006966387,0.00541127457319404,-0.00032136549646983,1.05938813344675
"A_independent",26,"G-sCAP(0.50) vs PL-sCAP(0.50)","gscap_x_l050","scap_x_l050",0.0200594743113586,0.0199781752067901,-8.12991045684996e-05,0.00711655540721314,0.00476815522128766,-0.00234840018592548,1.49251756223055
"A_independent",27,"G-sCAP(0.50) vs PL-sCAP(0.50)","gscap_x_l050","scap_x_l050",0.0428988562683223,0.0346387464387542,-0.0082601098295681,0.0123743306069535,0.00789951331212359,-0.00447481729482991,1.56646746679473
"A_independent",28,"G-sCAP(0.50) vs PL-sCAP(0.50)","gscap_x_l050","scap_x_l050",0.0652237116121593,0.0361997927116859,-0.0290239189004734,0.0237818663817174,0.00821720503261311,-0.0155646613491043,2.89415516435698
"A_independent",29,"G-sCAP(0.50) vs PL-sCAP(0.50)","gscap_x_l050","scap_x_l050",0.0144326166896899,0.0143911440758392,-4.14726138507002e-05,0.00183299525905835,0.00182906828149406,-3.92697756429017e-06,1.00214698248503
"A_independent",30,"G-sCAP(0.50) vs PL-sCAP(0.50)","gscap_x_l050","scap_x_l050",0.0150856271661899,0.0156825293090379,0.000596902142848001,0.00164563696181491,0.00163646181994158,-9.17514187333008e-06,1.0056066947371
"A_independent",31,"G-sCAP(0.50) vs PL-sCAP(0.50)","gscap_x_l050","scap_x_l050",0.0268772896095053,0.0264528803818735,-0.000424409227631799,0.00293262618468574,0.00280369711326908,-0.00012892907141666,1.04598537795202
"A_independent",32,"G-sCAP(0.50) vs PL-sCAP(0.50)","gscap_x_l050","scap_x_l050",0.018877692333465,0.0237732985768373,0.0048956062433723,0.0036391315410069,0.00279713953939607,-0.00084199200161083,1.30101894801881
"A_independent",33,"G-sCAP(0.50) vs PL-sCAP(0.50)","gscap_x_l050","scap_x_l050",0.0124229235617378,0.0124856989302448,6.27753685070002e-05,0.00119697209252709,0.00119258547444442,-4.38661808267e-06,1.00367824208551
"A_independent",34,"G-sCAP(0.50) vs PL-sCAP(0.50)","gscap_x_l050","scap_x_l050",0.00996750403337196,0.0103923547361931,0.000424850702821141,0.00105010856649085,0.001043022433997,-7.08613249384999e-06,1.00679384475624
"A_independent",35,"G-sCAP(0.50) vs PL-sCAP(0.50)","gscap_x_l050","scap_x_l050",0.0185427016655291,0.0176787751529007,-0.000863926512628399,0.00167730152739236,0.00162669788816245,-5.06036392299101e-05,1.03110819753204
"A_independent",36,"G-sCAP(0.50) vs PL-sCAP(0.50)","gscap_x_l050","scap_x_l050",0.0145482675039534,0.0171914285491313,0.0026431610451779,0.00199269550831347,0.00167766297039923,-0.00031503253791424,1.18778058732456
"A_independent",37,"G-sCAP(0.50) vs PL-sCAP(0.50)","gscap_x_l050","scap_x_l050",0.0260033013904524,0.0248513108682247,-0.0011519905222277,0.00339221980466214,0.0033281456419984,-6.407416266374e-05,1.01925221115782
"A_independent",38,"G-sCAP(0.50) vs PL-sCAP(0.50)","gscap_x_l050","scap_x_l050",0.0351696309947845,0.0238702485237523,-0.0112993824710322,0.00609291502948025,0.00280897548816561,-0.00328393954131464,2.16908800206698
"A_independent",39,"G-sCAP(0.50) vs PL-sCAP(0.50)","gscap_x_l050","scap_x_l050",0.0649629906621516,0.038731994038193,-0.0262309966239586,0.0135526445791417,0.00526055749868336,-0.00829208708045834,2.57627534392196
"A_independent",40,"G-sCAP(0.50) vs PL-sCAP(0.50)","gscap_x_l050","scap_x_l050",0.0962407487463453,0.0374969966005117,-0.0587437521458336,0.0258119127795504,0.00509284588823615,-0.0207190668913142,5.06826896905967
"A_independent",41,"G-sCAP(0.50) vs PL-sCAP(0.50)","gscap_x_l050","scap_x_l050",0.0161509218335857,0.015885128528426,-0.0002657933051597,0.00107502366010103,0.00106062352577945,-1.440013432158e-05,1.01357704592777
"A_independent",42,"G-sCAP(0.50) vs PL-sCAP(0.50)","gscap_x_l050","scap_x_l050",0.0142382156466214,0.014199438745092,-3.87769015294005e-05,0.000907888090743309,0.00087698058508766,-3.09075056556489e-05,1.03524308996254
"A_independent",43,"G-sCAP(0.50) vs PL-sCAP(0.50)","gscap_x_l050","scap_x_l050",0.0192921326208328,0.0180481653957943,-0.0012439672250385,0.00156712290451678,0.00146866688467989,-9.845601983689e-05,1.06703767945197
"A_independent",44,"G-sCAP(0.50) vs PL-sCAP(0.50)","gscap_x_l050","scap_x_l050",0.0209693467305343,0.0176505303030225,-0.0033188164275118,0.00253640135220582,0.00138282208562557,-0.00115357926658025,1.83422103144844
"A_independent",45,"G-sCAP(0.50) vs PL-sCAP(0.50)","gscap_x_l050","scap_x_l050",0.0105645403017918,0.0103647868173337,-0.000199753484458101,0.000578316665748318,0.000572836748183607,-5.47991756471092e-06,1.00956628146167
"A_independent",46,"G-sCAP(0.50) vs PL-sCAP(0.50)","gscap_x_l050","scap_x_l050",0.0101792605829344,0.0101720757351075,-7.18484782689932e-06,0.000462247930173844,0.000459669802612796,-2.57812756104798e-06,1.00560865113695
"A_independent",47,"G-sCAP(0.50) vs PL-sCAP(0.50)","gscap_x_l050","scap_x_l050",0.0159492013993019,0.0150316940662215,-0.0009175073330804,0.00095291400658841,0.000911345642880734,-4.15683637076759e-05,1.04561207268878
"A_independent",48,"G-sCAP(0.50) vs PL-sCAP(0.50)","gscap_x_l050","scap_x_l050",0.0132328079445673,0.0145758981011296,0.0013430901565623,0.00091405403837443,0.000858594117217191,-5.5459921157239e-05,1.06459387508616
"A_independent",1,"G-sCAP(1.00) vs PL-sCAP(0.50)","gscap_x_l100","scap_x_l050",0.0326418238728321,0.0208167319107409,-0.0118250919620912,0.00477049674707026,0.00408776418350621,-0.00068273256356405,1.16701857859581
"A_independent",2,"G-sCAP(1.00) vs PL-sCAP(0.50)","gscap_x_l100","scap_x_l050",0.0343412830199763,0.0202371255277157,-0.0141041574922606,0.00697329027583957,0.00450473729896296,-0.00246855297687661,1.54799044051801
"A_independent",3,"G-sCAP(1.00) vs PL-sCAP(0.50)","gscap_x_l100","scap_x_l050",0.0488802207894791,0.029492990318235,-0.0193872304712441,0.00921990801617624,0.0064418411325687,-0.00277806688360754,1.43125355413721
"A_independent",4,"G-sCAP(1.00) vs PL-sCAP(0.50)","gscap_x_l100","scap_x_l050",0.0397911949996161,0.0233079950521655,-0.0164831999474506,0.0120311084765455,0.00619861892502853,-0.00583248955151697,1.94093371798785
"A_independent",5,"G-sCAP(1.00) vs PL-sCAP(0.50)","gscap_x_l100","scap_x_l050",0.0212999521180391,0.0122575863079519,-0.0090423658100872,0.00182276557977467,0.00152102407019672,-0.00030174150957795,1.19838049606863
"A_independent",6,"G-sCAP(1.00) vs PL-sCAP(0.50)","gscap_x_l100","scap_x_l050",0.0168109109470885,0.0081596753985069,-0.0086512355485816,0.00164718305400205,0.00134139055085145,-0.0003057925031506,1.22796679382936
"A_independent",7,"G-sCAP(1.00) vs PL-sCAP(0.50)","gscap_x_l100","scap_x_l050",0.0277998394361749,0.0166012450765247,-0.0111985943596502,0.00246896504993873,0.00196060945725506,-0.00050835559268367,1.25928447442837
"A_independent",8,"G-sCAP(1.00) vs PL-sCAP(0.50)","gscap_x_l100","scap_x_l050",0.0228122061324324,0.0130298788980426,-0.0097823272343898,0.00254488337560986,0.00201934676313625,-0.00052553661247361,1.26025080093594
"A_independent",9,"G-sCAP(1.00) vs PL-sCAP(0.50)","gscap_x_l100","scap_x_l050",0.0154101865557743,0.00897460471819078,-0.00643558183758352,0.0010202292588505,0.000876521489764241,-0.000143707769086259,1.16395236256548
"A_independent",10,"G-sCAP(1.00) vs PL-sCAP(0.50)","gscap_x_l100","scap_x_l050",0.0139027440605667,0.00781661408094242,-0.00608612997962428,0.000868440250123371,0.000740841758542362,-0.000127598491581009,1.17223447532448
"A_independent",11,"G-sCAP(1.00) vs PL-sCAP(0.50)","gscap_x_l100","scap_x_l050",0.0166087073459214,0.00860551972037231,-0.00800318762554909,0.00134410318732859,0.00121251033620532,-0.00013159285112327,1.10852926131344
"A_independent",12,"G-sCAP(1.00) vs PL-sCAP(0.50)","gscap_x_l100","scap_x_l050",0.0174248479209824,0.0105911025424593,-0.0068337453785231,0.00145389208891981,0.00126103486979979,-0.00019285721912002,1.15293567508616
"A_independent",13,"G-sCAP(1.00) vs PL-sCAP(0.50)","gscap_x_l100","scap_x_l050",0.00331521137818897,0.00357750751397041,0.00026229613578144,0.00607561292624452,0.00610840847369561,3.27955474510901e-05,0.994631081468714
"A_independent",14,"G-sCAP(1.00) vs PL-sCAP(0.50)","gscap_x_l100","scap_x_l050",0.00532955727520867,0.00158822120656848,-0.00374133606864019,0.0103032655940624,0.006035538851643,-0.0042677267424194,1.70709953946492
"A_independent",15,"G-sCAP(1.00) vs PL-sCAP(0.50)","gscap_x_l100","scap_x_l050",0.0015136402801862,0.00263048595801563,0.00111684567782943,0.0115135730097755,0.00891962904764256,-0.00259394396213294,1.29081298653541
"A_independent",16,"G-sCAP(1.00) vs PL-sCAP(0.50)","gscap_x_l100","scap_x_l050",0.00387665378429797,0.00262351441671267,-0.0012531393675853,0.0227231330156065,0.0092332766420311,-0.0134898563735754,2.46100424546664
"A_independent",17,"G-sCAP(1.00) vs PL-sCAP(0.50)","gscap_x_l100","scap_x_l050",0.000242178202770441,0.000394294668734827,0.000152116465964386,0.0020931213762639,0.00220812858995901,0.00011500721369511,0.947916432848123
"A_independent",18,"G-sCAP(1.00) vs PL-sCAP(0.50)","gscap_x_l100","scap_x_l050",0.0045092095877974,0.00462895769034348,0.00011974810254608,0.00196759422659214,0.00200327363043813,3.56794038459899e-05,0.982189450655232
"A_independent",19,"G-sCAP(1.00) vs PL-sCAP(0.50)","gscap_x_l100","scap_x_l050",0.00295972807300522,0.0017238541359303,-0.00123587393707492,0.00248901467034931,0.00261093877989765,0.00012192410954834,0.953302578181048
"A_independent",20,"G-sCAP(1.00) vs PL-sCAP(0.50)","gscap_x_l100","scap_x_l050",0.00582376153582243,0.00410048787183575,-0.00172327366398668,0.00445138838095558,0.0032627592308038,-0.00118862915015178,1.36430182740115
"A_independent",21,"G-sCAP(1.00) vs PL-sCAP(0.50)","gscap_x_l100","scap_x_l050",0.000113473306240494,6.21590766055164e-05,-5.13142296349776e-05,0.00113069248768616,0.00118317955340637,5.24870657202098e-05,0.955638968262171
"A_independent",22,"G-sCAP(1.00) vs PL-sCAP(0.50)","gscap_x_l100","scap_x_l050",0.00087474098101394,0.00115850535131986,0.00028376437030592,0.0011734942394986,0.00122451771543267,5.102347593407e-05,0.958331778061666
"A_independent",23,"G-sCAP(1.00) vs PL-sCAP(0.50)","gscap_x_l100","scap_x_l050",0.000682580040814764,0.00127832485710198,0.000595744816287216,0.00142351810951717,0.00157243200378434,0.00014891389426717,0.905297085082991
"A_independent",24,"G-sCAP(1.00) vs PL-sCAP(0.50)","gscap_x_l100","scap_x_l050",0.00304122519717566,0.00135033265592468,-0.00169089254125098,0.00180449678368355,0.00174306868763161,-6.14280960519399e-05,1.03524135135226
"A_independent",25,"G-sCAP(1.00) vs PL-sCAP(0.50)","gscap_x_l100","scap_x_l050",0.0425018824862466,0.0259057819566217,-0.0165961005296249,0.00693203024333425,0.00541127457319404,-0.00152075567014021,1.28103465266272
"A_independent",26,"G-sCAP(1.00) vs PL-sCAP(0.50)","gscap_x_l100","scap_x_l050",0.037367888814683,0.0199781752067901,-0.0173897136078929,0.0102364711077199,0.00476815522128766,-0.00546831588643224,2.14684099670637
"A_independent",27,"G-sCAP(1.00) vs PL-sCAP(0.50)","gscap_x_l100","scap_x_l050",0.0710646650012185,0.0346387464387542,-0.0364259185624643,0.0170702747646739,0.00789951331212359,-0.00917076145255031,2.16092740023309
"A_independent",28,"G-sCAP(1.00) vs PL-sCAP(0.50)","gscap_x_l100","scap_x_l050",0.0807373620744582,0.0361997927116859,-0.0445375693627723,0.0260897655632415,0.00821720503261311,-0.0178725605306284,3.17501698688232
"A_independent",29,"G-sCAP(1.00) vs PL-sCAP(0.50)","gscap_x_l100","scap_x_l050",0.0277143595916974,0.0143911440758392,-0.0133232155158582,0.00238450501206906,0.00182906828149406,-0.000555436730575,1.30367194937157
"A_independent",30,"G-sCAP(1.00) vs PL-sCAP(0.50)","gscap_x_l100","scap_x_l050",0.027765558876472,0.0156825293090379,-0.0120830295674341,0.00223224471017956,0.00163646181994158,-0.00059578289023798,1.36406769958082
"A_independent",31,"G-sCAP(1.00) vs PL-sCAP(0.50)","gscap_x_l100","scap_x_l050",0.0475757609929548,0.0264528803818735,-0.0211228806110813,0.00455680872877598,0.00280369711326908,-0.0017531116155069,1.62528566556278
"A_independent",32,"G-sCAP(1.00) vs PL-sCAP(0.50)","gscap_x_l100","scap_x_l050",0.0383824197134629,0.0237732985768373,-0.0146091211366256,0.00496606619524365,0.00279713953939607,-0.00216892665584758,1.7754088150768
"A_independent",33,"G-sCAP(1.00) vs PL-sCAP(0.50)","gscap_x_l100","scap_x_l050",0.0247696727687851,0.0124856989302448,-0.0122839738385403,0.00165526190748298,0.00119258547444442,-0.00046267643303856,1.38796081534877
"A_independent",34,"G-sCAP(1.00) vs PL-sCAP(0.50)","gscap_x_l100","scap_x_l050",0.0213667627853375,0.0103923547361931,-0.0109744080491444,0.00139523782665315,0.001043022433997,-0.00035221539265615,1.33768726460313
"A_independent",35,"G-sCAP(1.00) vs PL-sCAP(0.50)","gscap_x_l100","scap_x_l050",0.035688862357706,0.0176787751529007,-0.0180100872048053,0.00259035152397968,0.00162669788816245,-0.00096365363581723,1.59239865179009
"A_independent",36,"G-sCAP(1.00) vs PL-sCAP(0.50)","gscap_x_l100","scap_x_l050",0.0310179652952744,0.0171914285491313,-0.0138265367461431,0.00276001263260008,0.00167766297039923,-0.00108234966220085,1.64515321688437
"A_independent",37,"G-sCAP(1.00) vs PL-sCAP(0.50)","gscap_x_l100","scap_x_l050",0.045234227141459,0.0248513108682247,-0.0203829162732343,0.00555600194249631,0.0033281456419984,-0.00222785630049791,1.66939868026935
"A_independent",38,"G-sCAP(1.00) vs PL-sCAP(0.50)","gscap_x_l100","scap_x_l050",0.0507026993538921,0.0238702485237523,-0.0268324508301398,0.00741306014635549,0.00280897548816561,-0.00460408465818988,2.63906188487126
"A_independent",39,"G-sCAP(1.00) vs PL-sCAP(0.50)","gscap_x_l100","scap_x_l050",0.0867537890624425,0.038731994038193,-0.0480217950242495,0.0162952811500736,0.00526055749868336,-0.0110347236513902,3.09763388274951
"A_independent",40,"G-sCAP(1.00) vs PL-sCAP(0.50)","gscap_x_l100","scap_x_l050",0.116241996838176,0.0374969966005117,-0.0787450002376643,0.0303251779649535,0.00509284588823615,-0.0252323320767174,5.95446605502062
"A_independent",41,"G-sCAP(1.00) vs PL-sCAP(0.50)","gscap_x_l100","scap_x_l050",0.0287654154987646,0.015885128528426,-0.0128802869703386,0.00169810379757476,0.00106062352577945,-0.00063748027179531,1.60104293022053
"A_independent",42,"G-sCAP(1.00) vs PL-sCAP(0.50)","gscap_x_l100","scap_x_l050",0.0254017047321669,0.014199438745092,-0.0112022659870749,0.00159872447312536,0.00087698058508766,-0.0007217438880377,1.82298730474809
"A_independent",43,"G-sCAP(1.00) vs PL-sCAP(0.50)","gscap_x_l100","scap_x_l050",0.0352888046177776,0.0180481653957943,-0.0172406392219833,0.00249191918189957,0.00146866688467989,-0.00102325229721968,1.69672184202799
"A_independent",44,"G-sCAP(1.00) vs PL-sCAP(0.50)","gscap_x_l100","scap_x_l050",0.0344836143027536,0.0176505303030225,-0.0168330839997311,0.00305878959323976,0.00138282208562557,-0.00167596750761419,2.21199070005886
"A_independent",45,"G-sCAP(1.00) vs PL-sCAP(0.50)","gscap_x_l100","scap_x_l050",0.0207875014947691,0.0103647868173337,-0.0104227146774354,0.000921887421401668,0.000572836748183607,-0.000349050673218061,1.60933708307796
"A_independent",46,"G-sCAP(1.00) vs PL-sCAP(0.50)","gscap_x_l100","scap_x_l050",0.0191576176046486,0.0101720757351075,-0.0089855418695411,0.000744856474344752,0.000459669802612796,-0.000285186671731956,1.62041637303763
"A_independent",47,"G-sCAP(1.00) vs PL-sCAP(0.50)","gscap_x_l100","scap_x_l050",0.0291985518398021,0.0150316940662215,-0.0141668577735806,0.00157140372147421,0.000911345642880734,-0.000660058078593476,1.72426755287605
"A_independent",48,"G-sCAP(1.00) vs PL-sCAP(0.50)","gscap_x_l100","scap_x_l050",0.025461453803999,0.0145758981011296,-0.0108855557028694,0.00152981363158796,0.000858594117217191,-0.000671219514370769,1.78176579702907
"B_covariate_dependent",49,"G-sCAP(0.50) vs IPCW-X","gscap_x_l050","ipcw_x",0.0180873521201324,0.0093747545368353,-0.0087125975832971,0.00636874297494671,0.00679983551442884,0.00043109253948213,0.936602504785979
"B_covariate_dependent",50,"G-sCAP(0.50) vs IPCW-X","gscap_x_l050","ipcw_x",0.0219892824409598,0.0125187344928817,-0.0094705479480781,0.00704932997657585,0.00694243122497937,-0.00010689875159648,1.01539788413198
"B_covariate_dependent",51,"G-sCAP(0.50) vs IPCW-X","gscap_x_l050","ipcw_x",0.0320845897394239,0.0227666552812079,-0.009317934458216,0.0133284122709919,0.0130673273575428,-0.000261084913449101,1.01997997802499
"B_covariate_dependent",52,"G-sCAP(0.50) vs IPCW-X","gscap_x_l050","ipcw_x",0.0326543182192776,0.0240517829111925,-0.0086025353080851,0.0157521041388645,0.0143436952903312,-0.0014084088485333,1.0981900981599
"B_covariate_dependent",53,"G-sCAP(0.50) vs IPCW-X","gscap_x_l050","ipcw_x",0.0326943294580852,0.0226444830479393,-0.0100498464101459,0.0143593135526827,0.014663766351903,0.0003044527992203,0.979237748889746
"B_covariate_dependent",54,"G-sCAP(0.50) vs IPCW-X","gscap_x_l050","ipcw_x",0.048326007369181,0.0390714134463598,-0.0092545939228212,0.0185167305566694,0.0187208596927041,0.000204129136034698,0.989096166555094
"B_covariate_dependent",55,"G-sCAP(0.50) vs IPCW-X","gscap_x_l050","ipcw_x",0.048800458944953,0.0467073635825165,-0.0020930953624365,0.0215210974592175,0.0232393705733635,0.001718273114146,0.926061977078009
"B_covariate_dependent",56,"G-sCAP(0.50) vs IPCW-X","gscap_x_l050","ipcw_x",0.0759737747345646,0.0714445279356534,-0.0045292467989112,0.0274121103360561,0.0279502575189982,0.000538147182942102,0.980746253140018
"B_covariate_dependent",57,"G-sCAP(0.50) vs IPCW-X","gscap_x_l050","ipcw_x",0.0108055539334142,0.00305817461119071,-0.00774737932222349,0.00142958148186648,0.00143718273533493,7.6012534684501e-06,0.994711004187871
"B_covariate_dependent",58,"G-sCAP(0.50) vs IPCW-X","gscap_x_l050","ipcw_x",0.011694251483978,0.00491227072173427,-0.00678198076224373,0.00168258354867393,0.00160794845844444,-7.46350902294899e-05,1.04641634490057
"B_covariate_dependent",59,"G-sCAP(0.50) vs IPCW-X","gscap_x_l050","ipcw_x",0.00971903338477153,0.00286500957929278,-0.00685402380547875,0.00450686680211209,0.00435375609157,-0.00015311071054209,1.03516749843625
"B_covariate_dependent",60,"G-sCAP(0.50) vs IPCW-X","gscap_x_l050","ipcw_x",0.0131097873807624,0.00363484276529691,-0.00947494461546549,0.00565296447010037,0.00509848223824091,-0.00055448223185946,1.10875437158545
"B_covariate_dependent",61,"G-sCAP(0.50) vs IPCW-X","gscap_x_l050","ipcw_x",0.015395413926673,0.00657897937330982,-0.00881643455336318,0.0035769464274966,0.00405970430658589,0.00048275787908929,0.88108545779895
"B_covariate_dependent",62,"G-sCAP(0.50) vs IPCW-X","gscap_x_l050","ipcw_x",0.0148709495501728,0.00782073518144164,-0.00705021436873116,0.00489256500824863,0.00632461446043656,0.00143204945218793,0.773575217723377
"B_covariate_dependent",63,"G-sCAP(0.50) vs IPCW-X","gscap_x_l050","ipcw_x",0.0202922216139804,0.0173384159978365,-0.0029538056161439,0.0098754108631309,0.0107944386591037,0.000919027795972801,0.914860992313137
"B_covariate_dependent",64,"G-sCAP(0.50) vs IPCW-X","gscap_x_l050","ipcw_x",0.0250690771945286,0.0199016737164768,-0.0051674034780518,0.0112682211983227,0.0116939231820946,0.0004257019837719,0.963596307488686
"B_covariate_dependent",65,"G-sCAP(0.50) vs IPCW-X","gscap_x_l050","ipcw_x",0.00911478795280375,0.00351859061858299,-0.00559619733422076,0.000819547519719904,0.000792612057614378,-2.69354621055259e-05,1.03398315966401
"B_covariate_dependent",66,"G-sCAP(0.50) vs IPCW-X","gscap_x_l050","ipcw_x",0.00961942471899895,0.004298247756319,-0.00532117696267995,0.000899173642267182,0.000858049420328595,-4.1124221938587e-05,1.04792756799817
"B_covariate_dependent",67,"G-sCAP(0.50) vs IPCW-X","gscap_x_l050","ipcw_x",0.00740528190579373,0.00191730147115525,-0.00548798043463848,0.00147619212539747,0.00134364282042825,-0.00013254930496922,1.09864921164612
"B_covariate_dependent",68,"G-sCAP(0.50) vs IPCW-X","gscap_x_l050","ipcw_x",0.00267761584052555,0.00236019681284416,-0.00031741902768139,0.00255291962299146,0.00261474306472736,6.18234417358999e-05,0.976355825331409
"B_covariate_dependent",69,"G-sCAP(0.50) vs IPCW-X","gscap_x_l050","ipcw_x",0.00820970163218522,0.000977524091659985,-0.00723217754052524,0.001725516146114,0.00175383011941642,2.83139733024199e-05,0.983855920257635
"B_covariate_dependent",70,"G-sCAP(0.50) vs IPCW-X","gscap_x_l050","ipcw_x",0.00961975384511063,0.00317943244161915,-0.00644032140349148,0.00241013998688335,0.00259594442255541,0.00018580443567206,0.928425110315283
"B_covariate_dependent",71,"G-sCAP(0.50) vs IPCW-X","gscap_x_l050","ipcw_x",0.0028298077032282,0.00587020913823094,0.00304040143500274,0.004772935838269,0.00531123188325786,0.00053829604498886,0.89864949284446
"B_covariate_dependent",72,"G-sCAP(0.50) vs IPCW-X","gscap_x_l050","ipcw_x",0.0142387727840037,0.0134642822827574,-0.000774490501246301,0.00639800749628401,0.00770598914968739,0.00130798165340338,0.830264275228516
"B_covariate_dependent",73,"G-sCAP(0.50) vs IPCW-X","gscap_x_l050","ipcw_x",0.00512491786870789,0.00352607447005008,-0.00159884339865781,0.0112357819948163,0.0120779365840177,0.000842154589201399,0.930273305929111
"B_covariate_dependent",74,"G-sCAP(0.50) vs IPCW-X","gscap_x_l050","ipcw_x",0.0027629728533491,0.0021118502971454,-0.0006511225562037,0.0133224653574124,0.0129664043076567,-0.000356061049755701,1.02746027667404
"B_covariate_dependent",75,"G-sCAP(0.50) vs IPCW-X","gscap_x_l050","ipcw_x",0.00101491832611516,0.00194953243900809,0.00093461411289293,0.022588173315936,0.0208645463903579,-0.0017236269255781,1.08261032343242
"B_covariate_dependent",76,"G-sCAP(0.50) vs IPCW-X","gscap_x_l050","ipcw_x",0.000759461433540654,0.00230401462521367,0.00154455319167302,0.0242171903377273,0.0241297305037687,-8.74598339586016e-05,1.00362456737529
"B_covariate_dependent",77,"G-sCAP(0.50) vs IPCW-X","gscap_x_l050","ipcw_x",0.00363779897883707,0.000750649082217412,-0.00288714989661966,0.0254304557969161,0.0249852662801652,-0.000445189516750901,1.01781808173501
"B_covariate_dependent",78,"G-sCAP(0.50) vs IPCW-X","gscap_x_l050","ipcw_x",0.00785502529886839,0.00610784462795477,-0.00174718067091362,0.027435034993566,0.0258210110153988,-0.0016140239781672,1.06250816349541
"B_covariate_dependent",79,"G-sCAP(0.50) vs IPCW-X","gscap_x_l050","ipcw_x",0.00770744812802282,0.0010695151294539,-0.00663793299856892,0.0376582112240231,0.0366529569272207,-0.0010052542968024,1.02742628101734
"B_covariate_dependent",80,"G-sCAP(0.50) vs IPCW-X","gscap_x_l050","ipcw_x",0.0245889030180853,0.0355945052266973,0.011005602208612,0.0368071954554608,0.0383169322439316,0.0015097367884708,0.960598704017859
"B_covariate_dependent",81,"G-sCAP(0.50) vs IPCW-X","gscap_x_l050","ipcw_x",0.00432499438549099,0.00462657551295757,0.000301581127466579,0.00241267581324796,0.00264049036187834,0.00022781454863038,0.913722635795451
"B_covariate_dependent",82,"G-sCAP(0.50) vs IPCW-X","gscap_x_l050","ipcw_x",0.000532201340899884,0.00165581849764045,0.00112361715674057,0.00238168348389022,0.00299227737373999,0.00061059388984977,0.795943419146802
"B_covariate_dependent",83,"G-sCAP(0.50) vs IPCW-X","gscap_x_l050","ipcw_x",0.00899122246843688,0.00758857883179757,-0.00140264363663931,0.00704150527757968,0.00721564241092729,0.00017413713334761,0.975866717967634
"B_covariate_dependent",84,"G-sCAP(0.50) vs IPCW-X","gscap_x_l050","ipcw_x",0.0156599420947984,0.0138573749306446,-0.0018025671641538,0.0105872045993902,0.0106672976318021,8.00930324118994e-05,0.992491722348393
"B_covariate_dependent",85,"G-sCAP(0.50) vs IPCW-X","gscap_x_l050","ipcw_x",0.00620993388321413,0.00718698529307825,0.00097705140986412,0.00707425571356392,0.00911989804122663,0.00204564232766271,0.775694605530089
"B_covariate_dependent",86,"G-sCAP(0.50) vs IPCW-X","gscap_x_l050","ipcw_x",0.00805742804031041,0.0081268408463512,6.9412806040791e-05,0.00925287009525687,0.0117930007874096,0.00254013069215273,0.784606925926384
"B_covariate_dependent",87,"G-sCAP(0.50) vs IPCW-X","gscap_x_l050","ipcw_x",0.0058896069622974,0.00741148156242374,0.00152187460012634,0.0152698970319286,0.0187310693118773,0.0034611722799487,0.815217581958656
"B_covariate_dependent",88,"G-sCAP(0.50) vs IPCW-X","gscap_x_l050","ipcw_x",0.0344319265906673,0.0416406567375086,0.0072087301468413,0.0199814389198241,0.0241099531418121,0.004128514221988,0.828763075659893
"B_covariate_dependent",89,"G-sCAP(0.50) vs IPCW-X","gscap_x_l050","ipcw_x",0.00180271979050943,0.00198990233990609,0.00018718254939666,0.00130938261715938,0.00147447669348569,0.00016509407632631,0.888032088227841
"B_covariate_dependent",90,"G-sCAP(0.50) vs IPCW-X","gscap_x_l050","ipcw_x",0.00129093216115633,0.00138910794468017,9.81757835238398e-05,0.00148255556507755,0.00164798737797106,0.00016543181289351,0.899615849547839
"B_covariate_dependent",91,"G-sCAP(0.50) vs IPCW-X","gscap_x_l050","ipcw_x",0.00502337505857629,0.00606985202197733,0.00104647696340104,0.0027032771277251,0.00285431195885908,0.00015103483113398,0.947085380536208
"B_covariate_dependent",92,"G-sCAP(0.50) vs IPCW-X","gscap_x_l050","ipcw_x",0.0176146302696951,0.019306622223735,0.0016919919540399,0.0052731267285805,0.0059311733169506,0.0006580465883701,0.889052881579184
"B_covariate_dependent",93,"G-sCAP(0.50) vs IPCW-X","gscap_x_l050","ipcw_x",0.00590120734366016,0.00816906028866038,0.00226785294500022,0.00310601399655436,0.00419533754194153,0.00108932354538717,0.740349010181658
"B_covariate_dependent",94,"G-sCAP(0.50) vs IPCW-X","gscap_x_l050","ipcw_x",8.70488192067611e-05,0.00200547276759897,0.00191842394839221,0.00516642314250878,0.00646726039725162,0.00130083725474284,0.798858067429038
"B_covariate_dependent",95,"G-sCAP(0.50) vs IPCW-X","gscap_x_l050","ipcw_x",0.00706200285320717,0.00769847196223187,0.0006364691090247,0.00807308761419239,0.00988908349507648,0.00181599588088409,0.81636358093364
"B_covariate_dependent",96,"G-sCAP(0.50) vs IPCW-X","gscap_x_l050","ipcw_x",0.0271828510994247,0.0274813913168364,0.000298540217411703,0.0112058856289399,0.013099301877743,0.0018934162488031,0.855456705519536
"B_covariate_dependent",97,"G-sCAP(0.50) vs IPCW-X","gscap_x_l050","ipcw_x",0.0240533509047262,0.00767057722078961,-0.0163827736839366,0.00814695251661546,0.00713427147930937,-0.00101268103730609,1.14194596326241
"B_covariate_dependent",98,"G-sCAP(0.50) vs IPCW-X","gscap_x_l050","ipcw_x",0.0263624597523108,0.00910653559774426,-0.0172559241545665,0.0099687734521457,0.00899252827057268,-0.000976245181573019,1.10856181400816
"B_covariate_dependent",99,"G-sCAP(0.50) vs IPCW-X","gscap_x_l050","ipcw_x",0.0465961527220351,0.0301717572353052,-0.0164243954867299,0.0255268526809791,0.0228147596534536,-0.0027120930275255,1.11887449478851
"B_covariate_dependent",100,"G-sCAP(0.50) vs IPCW-X","gscap_x_l050","ipcw_x",0.040861318406476,0.0171992773910237,-0.0236620410154523,0.0258885412155895,0.0236371192742262,-0.0022514219413633,1.0952494216932
"B_covariate_dependent",101,"G-sCAP(0.50) vs IPCW-X","gscap_x_l050","ipcw_x",0.0759453776968911,0.0485535655027346,-0.0273918121941565,0.0269449406941051,0.0210684191714853,-0.0058765215226198,1.2789256030454
"B_covariate_dependent",102,"G-sCAP(0.50) vs IPCW-X","gscap_x_l050","ipcw_x",0.0762978731662367,0.041858141928168,-0.0344397312380687,0.027119117213277,0.0197594963932358,-0.0073596208200412,1.37245993893653
"B_covariate_dependent",103,"G-sCAP(0.50) vs IPCW-X","gscap_x_l050","ipcw_x",0.0898708112782888,0.0637236525875428,-0.026147158690746,0.0447043985482847,0.042614938653196,-0.0020894598950887,1.04903116045978
"B_covariate_dependent",104,"G-sCAP(0.50) vs IPCW-X","gscap_x_l050","ipcw_x",0.00781577163886462,0.00497823810237417,-0.00283753353649045,0.0333616486650364,0.0370555565391597,0.0036939078741233,0.900314332879614
"B_covariate_dependent",105,"G-sCAP(0.50) vs IPCW-X","gscap_x_l050","ipcw_x",0.0125604788579182,0.00143642025451754,-0.0111240586034007,0.00186924898986202,0.00194655205477192,7.73030649098999e-05,0.960287183319658
"B_covariate_dependent",106,"G-sCAP(0.50) vs IPCW-X","gscap_x_l050","ipcw_x",0.0127006503696197,0.000489254166615631,-0.0122113962030041,0.00216504331183793,0.00227014780490644,0.00010510449306851,0.953701475806399
"B_covariate_dependent",107,"G-sCAP(0.50) vs IPCW-X","gscap_x_l050","ipcw_x",0.000356617113929794,0.0125586311312338,0.012202014017304,0.00468037482022472,0.00503487444982471,0.000354499629599991,0.929591167936207
"B_covariate_dependent",108,"G-sCAP(0.50) vs IPCW-X","gscap_x_l050","ipcw_x",0.0222658589137141,0.0354219880324541,0.01315612911874,0.00811643841071776,0.00876921986944272,0.000652781458724959,0.925559916566849
"B_covariate_dependent",109,"G-sCAP(0.50) vs IPCW-X","gscap_x_l050","ipcw_x",0.0208234427098198,0.00170579175114074,-0.0191176509586791,0.00493930507957578,0.00570369282235087,0.000764387742775091,0.865983711503588
"B_covariate_dependent",110,"G-sCAP(0.50) vs IPCW-X","gscap_x_l050","ipcw_x",0.0313920491120784,0.00787726280524402,-0.0235147863068344,0.00712338101545425,0.00720614637620021,8.27653607459603e-05,0.988514615659306
"B_covariate_dependent",111,"G-sCAP(0.50) vs IPCW-X","gscap_x_l050","ipcw_x",0.00802911478260528,0.00460327032640953,-0.00342584445619575,0.0102570429923419,0.013994324858778,0.0037372818664361,0.73294303911404
"B_covariate_dependent",112,"G-sCAP(0.50) vs IPCW-X","gscap_x_l050","ipcw_x",0.0280684615752682,0.0540384143316386,0.0259699527563704,0.0135992565830972,0.0177435577317874,0.0041443011486902,0.766433473414087
"B_covariate_dependent",113,"G-sCAP(0.50) vs IPCW-X","gscap_x_l050","ipcw_x",0.0138288073668724,0.00157628953618078,-0.0122525178306916,0.00112744417053354,0.000971616697564347,-0.000155827472969193,1.16037957494949
"B_covariate_dependent",114,"G-sCAP(0.50) vs IPCW-X","gscap_x_l050","ipcw_x",0.0119247716148038,0.000616456726333921,-0.0113083148884699,0.00113270561291955,0.00109264046215049,-4.00651507690601e-05,1.03666819247221
"B_covariate_dependent",115,"G-sCAP(0.50) vs IPCW-X","gscap_x_l050","ipcw_x",0.00475124298612803,0.0148941927043472,0.0101429497182192,0.00242725032296155,0.00280081154746629,0.00037356122450474,0.866623934465467
"B_covariate_dependent",116,"G-sCAP(0.50) vs IPCW-X","gscap_x_l050","ipcw_x",0.0252605810758295,0.0336343365452698,0.0083737554694403,0.00366551226060144,0.00515762204624718,0.00149210978564574,0.710698113924141
"B_covariate_dependent",117,"G-sCAP(0.50) vs IPCW-X","gscap_x_l050","ipcw_x",0.0129004092245367,0.00335917245658587,-0.00954123676795083,0.00262039776626033,0.00304210051323096,0.00042170274697063,0.861377773306133
"B_covariate_dependent",118,"G-sCAP(0.50) vs IPCW-X","gscap_x_l050","ipcw_x",0.0191593560163422,0.00435040644790298,-0.0148089495684392,0.00391543944593961,0.00465455549599112,0.00073911605005151,0.841205878694948
"B_covariate_dependent",119,"G-sCAP(0.50) vs IPCW-X","gscap_x_l050","ipcw_x",0.00223756615156658,0.0200216148369407,0.0177840486853741,0.00498615325037589,0.00714196250103695,0.00215580925066106,0.698148898100759
"B_covariate_dependent",120,"G-sCAP(0.50) vs IPCW-X","gscap_x_l050","ipcw_x",0.0327045828608068,0.0525810869704339,0.0198765041096271,0.00834273399617597,0.0128062481224181,0.00446351412624213,0.651458094238508
"B_covariate_dependent",121,"G-sCAP(0.50) vs IPCW-X","gscap_x_l050","ipcw_x",0.0399874648462337,0.0263759022670503,-0.0136115625791834,0.00664238561132557,0.00685614263691057,0.000213757025585,0.968822552723127
"B_covariate_dependent",122,"G-sCAP(0.50) vs IPCW-X","gscap_x_l050","ipcw_x",0.0437875105833413,0.0276424133441347,-0.0161450972392066,0.00811454064730688,0.00785395175191989,-0.000260588895386989,1.03317933489002
"B_covariate_dependent",123,"G-sCAP(0.50) vs IPCW-X","gscap_x_l050","ipcw_x",0.0721682632040847,0.0420283036615498,-0.0301399595425349,0.0262427703915845,0.019848691534952,-0.0063940788566325,1.32214107642174
"B_covariate_dependent",124,"G-sCAP(0.50) vs IPCW-X","gscap_x_l050","ipcw_x",0.045039210120483,0.019069325994441,-0.025969884126042,0.0233746162763917,0.0192028450635182,-0.0041717712128735,1.21724755884216
"B_covariate_dependent",125,"G-sCAP(0.50) vs IPCW-X","gscap_x_l050","ipcw_x",0.10787767566509,0.0850461779575144,-0.0228314977075756,0.0273505410532232,0.0253484804843518,-0.0020020605688714,1.0789814825432
"B_covariate_dependent",126,"G-sCAP(0.50) vs IPCW-X","gscap_x_l050","ipcw_x",0.0966994166820289,0.0678145948063443,-0.0288848218756846,0.0236151452097943,0.0197431218567157,-0.0038720233530786,1.19612011621969
"B_covariate_dependent",127,"G-sCAP(0.50) vs IPCW-X","gscap_x_l050","ipcw_x",0.111774804095324,0.0739417987541772,-0.0378330053411468,0.0451176017247514,0.0370757034555156,-0.0080418982692358,1.21690480610529
"B_covariate_dependent",128,"G-sCAP(0.50) vs IPCW-X","gscap_x_l050","ipcw_x",0.0310557801996251,0.000466566131793835,-0.0305892140678313,0.0320340214878359,0.0308101668223729,-0.001223854665463,1.03972242904489
"B_covariate_dependent",129,"G-sCAP(0.50) vs IPCW-X","gscap_x_l050","ipcw_x",0.0131093586992462,0.00195877399378942,-0.0111505847054568,0.000925031305696069,0.000720302063566998,-0.000204729242129071,1.28422692712448
"B_covariate_dependent",130,"G-sCAP(0.50) vs IPCW-X","gscap_x_l050","ipcw_x",0.0126559163293962,0.0027847995317898,-0.0098711167976064,0.00119524534141832,0.00112942711081069,-6.581823060763e-05,1.05827576651705
"B_covariate_dependent",131,"G-sCAP(0.50) vs IPCW-X","gscap_x_l050","ipcw_x",0.00122385040805279,0.0132206608150982,0.0119968104070454,0.00339315797477116,0.00342454484072978,3.13868659586199e-05,0.990834733543179
"B_covariate_dependent",132,"G-sCAP(0.50) vs IPCW-X","gscap_x_l050","ipcw_x",0.0179144547086484,0.0309530669451588,0.0130386122365104,0.0054049496789411,0.00640781640767431,0.00100286672873321,0.843493217512891
"B_covariate_dependent",133,"G-sCAP(0.50) vs IPCW-X","gscap_x_l050","ipcw_x",0.0263201533340642,0.0125784543818698,-0.0137416989521944,0.00286529654820271,0.00237579021393299,-0.00048950633426972,1.20603937645629
"B_covariate_dependent",134,"G-sCAP(0.50) vs IPCW-X","gscap_x_l050","ipcw_x",0.0300436617491448,0.022413189533389,-0.0076304722157558,0.00416762360089328,0.00437742045635631,0.00020979685546303,0.952072948542471
"B_covariate_dependent",135,"G-sCAP(0.50) vs IPCW-X","gscap_x_l050","ipcw_x",0.00709902961810293,0.00891885166152157,0.00181982204341864,0.00731130249776771,0.00919222754974307,0.00188092505197536,0.795378754301189
"B_covariate_dependent",136,"G-sCAP(0.50) vs IPCW-X","gscap_x_l050","ipcw_x",0.0296754470995614,0.0574827971033065,0.0278073500037451,0.0110265585836228,0.0159801318578977,0.0049535732742749,0.690016745898955
"B_covariate_dependent",137,"G-sCAP(0.50) vs IPCW-X","gscap_x_l050","ipcw_x",0.0108649298369829,0.0019359910220824,-0.0089289388149005,0.000500108584255075,0.000381880695846548,-0.000118227888408527,1.30959378071322
"B_covariate_dependent",138,"G-sCAP(0.50) vs IPCW-X","gscap_x_l050","ipcw_x",0.00835472493700446,0.00039707789272096,-0.0079576470442835,0.000649416518821306,0.000562865359504174,-8.6551159317132e-05,1.15376885049983
"B_covariate_dependent",139,"G-sCAP(0.50) vs IPCW-X","gscap_x_l050","ipcw_x",0.00864954452472148,0.0190569046940351,0.0104073601693136,0.00130299516376912,0.00156028282023063,0.00025728765646151,0.835101910291187
"B_covariate_dependent",140,"G-sCAP(0.50) vs IPCW-X","gscap_x_l050","ipcw_x",0.026807099221411,0.0399258963756354,0.0131187971542244,0.0031505848191611,0.0039185635657925,0.0007679787466314,0.804015238304273
"B_covariate_dependent",141,"G-sCAP(0.50) vs IPCW-X","gscap_x_l050","ipcw_x",0.0141316355310856,0.00368843303928013,-0.0104432024918055,0.0011997013157945,0.00116930652921644,-3.03947865780601e-05,1.02599385688749
"B_covariate_dependent",142,"G-sCAP(0.50) vs IPCW-X","gscap_x_l050","ipcw_x",0.0198307327434264,0.0128578711636095,-0.0069728615798169,0.00213026121816404,0.0021292017865934,-1.05943157063977e-06,1.00049757217813
"B_covariate_dependent",143,"G-sCAP(0.50) vs IPCW-X","gscap_x_l050","ipcw_x",0.00482255390626322,0.016970337065093,0.0121477831588298,0.00322026828566192,0.00425038078244239,0.00103011249678047,0.757642303241231
"B_covariate_dependent",144,"G-sCAP(0.50) vs IPCW-X","gscap_x_l050","ipcw_x",0.0415349890470628,0.0606129020885092,0.0190779130414464,0.0074365524051299,0.0113937591485258,0.0039572067433959,0.652686467055264
"B_covariate_dependent",49,"G-sCAP(1.00) vs IPCW-X","gscap_x_l100","ipcw_x",0.0316627821223932,0.0093747545368353,-0.0222880275855579,0.0070028213819258,0.00679983551442884,-0.00020298586749696,1.02985158494882
"B_covariate_dependent",50,"G-sCAP(1.00) vs IPCW-X","gscap_x_l100","ipcw_x",0.0309514586119906,0.0125187344928817,-0.0184327241191089,0.00649296758436546,0.00694243122497937,0.00044946364061391,0.935258466947903
"B_covariate_dependent",51,"G-sCAP(1.00) vs IPCW-X","gscap_x_l100","ipcw_x",0.0400570663065832,0.0227666552812079,-0.0172904110253753,0.0122060858073978,0.0130673273575428,0.000861241550144999,0.93409198938849
"B_covariate_dependent",52,"G-sCAP(1.00) vs IPCW-X","gscap_x_l100","ipcw_x",0.0386073098190953,0.0240517829111925,-0.0145555269079028,0.0154404471941341,0.0143436952903312,-0.0010967519038029,1.07646229800644
"B_covariate_dependent",53,"G-sCAP(1.00) vs IPCW-X","gscap_x_l100","ipcw_x",0.0484718623816686,0.0226444830479393,-0.0258273793337293,0.0162088255526527,0.014663766351903,-0.0015450592007497,1.10536578145554
"B_covariate_dependent",54,"G-sCAP(1.00) vs IPCW-X","gscap_x_l100","ipcw_x",0.0598952753708633,0.0390714134463598,-0.0208238619245035,0.0194359494017829,0.0187208596927041,-0.000715089709078801,1.03819748242424
"B_covariate_dependent",55,"G-sCAP(1.00) vs IPCW-X","gscap_x_l100","ipcw_x",0.060296718447802,0.0467073635825165,-0.0135893548652855,0.0246476632447453,0.0232393705733635,-0.0014082926713818,1.06059943262818
"B_covariate_dependent",56,"G-sCAP(1.00) vs IPCW-X","gscap_x_l100","ipcw_x",0.0804241427383282,0.0714445279356534,-0.0089796148026748,0.0293260701570964,0.0279502575189982,-0.0013758126380982,1.0492236122391
"B_covariate_dependent",57,"G-sCAP(1.00) vs IPCW-X","gscap_x_l100","ipcw_x",0.018324004748695,0.00305817461119071,-0.0152658301375043,0.00160923261436451,0.00143718273533493,-0.00017204987902958,1.11971329379314
"B_covariate_dependent",58,"G-sCAP(1.00) vs IPCW-X","gscap_x_l100","ipcw_x",0.0184433179357907,0.00491227072173427,-0.0135310472140564,0.0017167664049197,0.00160794845844444,-0.00010881794647526,1.06767502148703
"B_covariate_dependent",59,"G-sCAP(1.00) vs IPCW-X","gscap_x_l100","ipcw_x",0.0169027703115777,0.00286500957929278,-0.0140377607322849,0.00434575850772215,0.00435375609157,7.99758384785031e-06,0.998163061117885
"B_covariate_dependent",60,"G-sCAP(1.00) vs IPCW-X","gscap_x_l100","ipcw_x",0.0165521618372307,0.00363484276529691,-0.0129173190719338,0.00509694269078223,0.00509848223824091,1.53954745868001e-06,0.999698038085308
"B_covariate_dependent",61,"G-sCAP(1.00) vs IPCW-X","gscap_x_l100","ipcw_x",0.0256953024825339,0.00657897937330982,-0.0191163231092241,0.00410096239406332,0.00405970430658589,-4.12580874774296e-05,1.01016283067969
"B_covariate_dependent",62,"G-sCAP(1.00) vs IPCW-X","gscap_x_l100","ipcw_x",0.0250144110141673,0.00782073518144164,-0.0171936758327257,0.00550637192589826,0.00632461446043656,0.000818242534538299,0.870625705383816
"B_covariate_dependent",63,"G-sCAP(1.00) vs IPCW-X","gscap_x_l100","ipcw_x",0.0288223868098407,0.0173384159978365,-0.0114839708120042,0.0090144661640591,0.0107944386591037,0.0017799724950446,0.835102819955957
"B_covariate_dependent",64,"G-sCAP(1.00) vs IPCW-X","gscap_x_l100","ipcw_x",0.0299239552328613,0.0199016737164768,-0.0100222815163845,0.0104414067712704,0.0116939231820946,0.0012525164108242,0.892891684739129
"B_covariate_dependent",65,"G-sCAP(1.00) vs IPCW-X","gscap_x_l100","ipcw_x",0.014923417570834,0.00351859061858299,-0.011404826952251,0.000952638186519667,0.000792612057614378,-0.000160026128905289,1.20189716692797
"B_covariate_dependent",66,"G-sCAP(1.00) vs IPCW-X","gscap_x_l100","ipcw_x",0.0150548010159057,0.004298247756319,-0.0107565532595867,0.00101465179935406,0.000858049420328595,-0.000156602379025465,1.18250974281352
"B_covariate_dependent",67,"G-sCAP(1.00) vs IPCW-X","gscap_x_l100","ipcw_x",0.0124329662870428,0.00191730147115525,-0.0105156648158875,0.00127761252765738,0.00134364282042825,6.603029277087e-05,0.950857257771954
"B_covariate_dependent",68,"G-sCAP(1.00) vs IPCW-X","gscap_x_l100","ipcw_x",0.00818811722240624,0.00236019681284416,-0.00582792040956208,0.00275720652623135,0.00261474306472736,-0.00014246346150399,1.0544846885439
"B_covariate_dependent",69,"G-sCAP(1.00) vs IPCW-X","gscap_x_l100","ipcw_x",0.0144845324035599,0.000977524091659985,-0.0135070083118999,0.00170451766819058,0.00175383011941642,4.931245122584e-05,0.971882994436058
"B_covariate_dependent",70,"G-sCAP(1.00) vs IPCW-X","gscap_x_l100","ipcw_x",0.016140152658693,0.00317943244161915,-0.0129607202170739,0.00251980394585298,0.00259594442255541,7.61404767024303e-05,0.970669450377725
"B_covariate_dependent",71,"G-sCAP(1.00) vs IPCW-X","gscap_x_l100","ipcw_x",0.0091983243052502,0.00587020913823094,-0.00332811516701926,0.00469700181526195,0.00531123188325786,0.00061423006799591,0.884352616964043
"B_covariate_dependent",72,"G-sCAP(1.00) vs IPCW-X","gscap_x_l100","ipcw_x",0.0189088785593216,0.0134642822827574,-0.0054445962765642,0.00616772709360065,0.00770598914968739,0.00153826205608674,0.800380973006023
"B_covariate_dependent",73,"G-sCAP(1.00) vs IPCW-X","gscap_x_l100","ipcw_x",0.00519543214642294,0.00352607447005008,-0.00166935767637286,0.0113883619058155,0.0120779365840177,0.000689574678202199,0.942906251129461
"B_covariate_dependent",74,"G-sCAP(1.00) vs IPCW-X","gscap_x_l100","ipcw_x",0.000866158622512459,0.0021118502971454,0.00124569167463294,0.0128443511502845,0.0129664043076567,0.000122053157372199,0.990586969642762
"B_covariate_dependent",75,"G-sCAP(1.00) vs IPCW-X","gscap_x_l100","ipcw_x",0.00142978675840815,0.00194953243900809,0.00051974568059994,0.021814040166915,0.0208645463903579,-0.000949493776557099,1.0455075206905
"B_covariate_dependent",76,"G-sCAP(1.00) vs IPCW-X","gscap_x_l100","ipcw_x",0.00267132428445626,0.00230401462521367,-0.00036730965924259,0.0251594474119037,0.0241297305037687,-0.001029716908135,1.04267419845299
"B_covariate_dependent",77,"G-sCAP(1.00) vs IPCW-X","gscap_x_l100","ipcw_x",0.00367074260321132,0.000750649082217412,-0.00292009352099391,0.0245158914984394,0.0249852662801652,0.0004693747817258,0.981213937187517
"B_covariate_dependent",78,"G-sCAP(1.00) vs IPCW-X","gscap_x_l100","ipcw_x",0.014789340780317,0.00610784462795477,-0.00868149615236223,0.0271819299559774,0.0258210110153988,-0.0013609189405786,1.0527058735139
"B_covariate_dependent",79,"G-sCAP(1.00) vs IPCW-X","gscap_x_l100","ipcw_x",0.00955419569813408,0.0010695151294539,-0.00848468056868018,0.040095729342291,0.0366529569272207,-0.00344277241507029,1.09392891334542
"B_covariate_dependent",80,"G-sCAP(1.00) vs IPCW-X","gscap_x_l100","ipcw_x",0.0230333139068774,0.0355945052266973,0.0125611913198199,0.0398472606830429,0.0383169322439316,-0.0015303284391113,1.03993869940759
"B_covariate_dependent",81,"G-sCAP(1.00) vs IPCW-X","gscap_x_l100","ipcw_x",0.00519885848225174,0.00462657551295757,-0.00057228296929417,0.00223110577383302,0.00264049036187834,0.00040938458804532,0.844958878110011
"B_covariate_dependent",82,"G-sCAP(1.00) vs IPCW-X","gscap_x_l100","ipcw_x",0.000114686845988639,0.00165581849764045,0.00154113165165181,0.00240166297046581,0.00299227737373999,0.00059061440327418,0.802620436040666
"B_covariate_dependent",83,"G-sCAP(1.00) vs IPCW-X","gscap_x_l100","ipcw_x",0.00755905000711234,0.00758857883179757,2.95288246852307e-05,0.00692967820739424,0.00721564241092729,0.00028596420353305,0.960368850443588
"B_covariate_dependent",84,"G-sCAP(1.00) vs IPCW-X","gscap_x_l100","ipcw_x",0.0151276016323165,0.0138573749306446,-0.0012702267016719,0.0107458888516794,0.0106672976318021,-7.85912198772998e-05,1.00736749105444
"B_covariate_dependent",85,"G-sCAP(1.00) vs IPCW-X","gscap_x_l100","ipcw_x",0.00720252702489076,0.00718698529307825,-1.55417318125099e-05,0.00685743129742317,0.00911989804122663,0.00226246674380346,0.751919732701402
"B_covariate_dependent",86,"G-sCAP(1.00) vs IPCW-X","gscap_x_l100","ipcw_x",0.00335289989461363,0.0081268408463512,0.00477394095173757,0.00909965120189302,0.0117930007874096,0.00269334958551658,0.771614567482091
"B_covariate_dependent",87,"G-sCAP(1.00) vs IPCW-X","gscap_x_l100","ipcw_x",0.00754215291323976,0.00741148156242374,-0.00013067135081602,0.0134287765524782,0.0187310693118773,0.0053022927593991,0.716925250175817
"B_covariate_dependent",88,"G-sCAP(1.00) vs IPCW-X","gscap_x_l100","ipcw_x",0.0311358435096573,0.0416406567375086,0.0105048132278513,0.0187925370108468,0.0241099531418121,0.0053174161309653,0.779451411635318
"B_covariate_dependent",89,"G-sCAP(1.00) vs IPCW-X","gscap_x_l100","ipcw_x",0.00178484281795478,0.00198990233990609,0.00020505952195131,0.00126601733435503,0.00147447669348569,0.00020845935913066,0.85862146207421
"B_covariate_dependent",90,"G-sCAP(1.00) vs IPCW-X","gscap_x_l100","ipcw_x",0.00120018000486556,0.00138910794468017,0.00018892793981461,0.00144431897925087,0.00164798737797106,0.00020366839872019,0.87641386005581
"B_covariate_dependent",91,"G-sCAP(1.00) vs IPCW-X","gscap_x_l100","ipcw_x",0.00523149159482872,0.00606985202197733,0.000838360427148611,0.00258005265918986,0.00285431195885908,0.00027425929966922,0.903914041764781
"B_covariate_dependent",92,"G-sCAP(1.00) vs IPCW-X","gscap_x_l100","ipcw_x",0.0184076688748216,0.019306622223735,0.000898953348913403,0.00525361156642611,0.0059311733169506,0.00067756175052449,0.885762611490698
"B_covariate_dependent",93,"G-sCAP(1.00) vs IPCW-X","gscap_x_l100","ipcw_x",0.00549886908642171,0.00816906028866038,0.00267019120223867,0.00282943870731777,0.00419533754194153,0.00136589883462376,0.674424567518435
"B_covariate_dependent",94,"G-sCAP(1.00) vs IPCW-X","gscap_x_l100","ipcw_x",0.000834471330997161,0.00200547276759897,0.00117100143660181,0.0045338162922874,0.00646726039725162,0.00193344410496422,0.701041246802762
"B_covariate_dependent",95,"G-sCAP(1.00) vs IPCW-X","gscap_x_l100","ipcw_x",0.00412964163922627,0.00769847196223187,0.0035688303230056,0.00733809015611285,0.00988908349507648,0.00255099333896363,0.742039457930181
"B_covariate_dependent",96,"G-sCAP(1.00) vs IPCW-X","gscap_x_l100","ipcw_x",0.0252309810522838,0.0274813913168364,0.0022504102645526,0.00991520287741895,0.013099301877743,0.00318409900032405,0.756926053766717
"B_covariate_dependent",97,"G-sCAP(1.00) vs IPCW-X","gscap_x_l100","ipcw_x",0.0415908727835053,0.00767057722078961,-0.0339202955627157,0.0104467671137015,0.00713427147930937,-0.00331249563439213,1.46430748311148
"B_covariate_dependent",98,"G-sCAP(1.00) vs IPCW-X","gscap_x_l100","ipcw_x",0.0425345299107258,0.00910653559774426,-0.0334279943129815,0.0111096460449391,0.00899252827057268,-0.00211711777436642,1.23543076103464
"B_covariate_dependent",99,"G-sCAP(1.00) vs IPCW-X","gscap_x_l100","ipcw_x",0.0557323559697581,0.0301717572353052,-0.0255605987344529,0.0264400936521997,0.0228147596534536,-0.0036253339987461,1.15890301076204
"B_covariate_dependent",100,"G-sCAP(1.00) vs IPCW-X","gscap_x_l100","ipcw_x",0.0464601301207391,0.0171992773910237,-0.0292608527297154,0.0275458474913295,0.0236371192742262,-0.0039087282171033,1.16536398415374
"B_covariate_dependent",101,"G-sCAP(1.00) vs IPCW-X","gscap_x_l100","ipcw_x",0.105326520793356,0.0485535655027346,-0.0567729552906214,0.0359355651763029,0.0210684191714853,-0.0148671460048176,1.7056602530929
"B_covariate_dependent",102,"G-sCAP(1.00) vs IPCW-X","gscap_x_l100","ipcw_x",0.0987374652382498,0.041858141928168,-0.0568793233100818,0.0344270235500583,0.0197594963932358,-0.0146675271568225,1.74230268145111
"B_covariate_dependent",103,"G-sCAP(1.00) vs IPCW-X","gscap_x_l100","ipcw_x",0.112166162085726,0.0637236525875428,-0.0484425094981832,0.0514921342389705,0.042614938653196,-0.0088771955857745,1.20831182365456
"B_covariate_dependent",104,"G-sCAP(1.00) vs IPCW-X","gscap_x_l100","ipcw_x",0.028847780228651,0.00497823810237417,-0.0238695421262768,0.0390174029181871,0.0370555565391597,-0.0019618463790274,1.05294337913814
"B_covariate_dependent",105,"G-sCAP(1.00) vs IPCW-X","gscap_x_l100","ipcw_x",0.026959371682024,0.00143642025451754,-0.0255229514275065,0.00264803492406378,0.00194655205477192,-0.00070148286929186,1.36037200627242
"B_covariate_dependent",106,"G-sCAP(1.00) vs IPCW-X","gscap_x_l100","ipcw_x",0.0264275917288315,0.000489254166615631,-0.0259383375622159,0.00274247157758005,0.00227014780490644,-0.00047232377267361,1.20805859937965
"B_covariate_dependent",107,"G-sCAP(1.00) vs IPCW-X","gscap_x_l100","ipcw_x",0.0111389843956331,0.0125586311312338,0.0014196467356007,0.00470536458010377,0.00503487444982471,0.000329509869720941,0.934554501208583
"B_covariate_dependent",108,"G-sCAP(1.00) vs IPCW-X","gscap_x_l100","ipcw_x",0.00989602737033498,0.0354219880324541,0.0255259606621191,0.00750925227451599,0.00876921986944272,0.00125996759492673,0.856319306199948
"B_covariate_dependent",109,"G-sCAP(1.00) vs IPCW-X","gscap_x_l100","ipcw_x",0.040787465476683,0.00170579175114074,-0.0390816737255423,0.00658038417892612,0.00570369282235087,-0.00087669135657525,1.153705920687
"B_covariate_dependent",110,"G-sCAP(1.00) vs IPCW-X","gscap_x_l100","ipcw_x",0.0517271633698488,0.00787726280524402,-0.0438499005646048,0.00941395848148081,0.00720614637620021,-0.0022078121052806,1.30637902562906
"B_covariate_dependent",111,"G-sCAP(1.00) vs IPCW-X","gscap_x_l100","ipcw_x",0.0276673859045536,0.00460327032640953,-0.0230641155781441,0.0109893707119527,0.013994324858778,0.0030049541468253,0.785273374946671
"B_covariate_dependent",112,"G-sCAP(1.00) vs IPCW-X","gscap_x_l100","ipcw_x",0.010526309517249,0.0540384143316386,0.0435121048143896,0.0126343784443063,0.0177435577317874,0.0051091792874811,0.712054405057219
"B_covariate_dependent",113,"G-sCAP(1.00) vs IPCW-X","gscap_x_l100","ipcw_x",0.0256883975628967,0.00157628953618078,-0.0241121080267159,0.00158922239599699,0.000971616697564347,-0.000617605698432643,1.63564747289838
"B_covariate_dependent",114,"G-sCAP(1.00) vs IPCW-X","gscap_x_l100","ipcw_x",0.023022252682659,0.000616456726333921,-0.0224057959563251,0.00155842806166681,0.00109264046215049,-0.00046578759951632,1.42629539693192
"B_covariate_dependent",115,"G-sCAP(1.00) vs IPCW-X","gscap_x_l100","ipcw_x",0.00666805797855307,0.0148941927043472,0.00822613472579413,0.00208393083584274,0.00280081154746629,0.00071688071162355,0.744045359898611
"B_covariate_dependent",116,"G-sCAP(1.00) vs IPCW-X","gscap_x_l100","ipcw_x",0.0145191438009494,0.0336343365452698,0.0191151927443204,0.00354350695965507,0.00515762204624718,0.00161411508659211,0.687042774340826
"B_covariate_dependent",117,"G-sCAP(1.00) vs IPCW-X","gscap_x_l100","ipcw_x",0.0317916038885752,0.00335917245658587,-0.0284324314319893,0.00355287616521261,0.00304210051323096,-0.00051077565198165,1.16790229308997
"B_covariate_dependent",118,"G-sCAP(1.00) vs IPCW-X","gscap_x_l100","ipcw_x",0.037737844415633,0.00435040644790298,-0.03338743796773,0.0049638096843912,0.00465455549599112,-0.00030925418840008,1.06644118620273
"B_covariate_dependent",119,"G-sCAP(1.00) vs IPCW-X","gscap_x_l100","ipcw_x",0.0187967569232154,0.0200216148369407,0.0012248579137253,0.00529608987753953,0.00714196250103695,0.00184587262349742,0.741545461316912
"B_covariate_dependent",120,"G-sCAP(1.00) vs IPCW-X","gscap_x_l100","ipcw_x",0.0152223803717137,0.0525810869704339,0.0373587065987202,0.00761670774610709,0.0128062481224181,0.00518954037631101,0.594764967326659
"B_covariate_dependent",121,"G-sCAP(1.00) vs IPCW-X","gscap_x_l100","ipcw_x",0.0574330078544254,0.0263759022670503,-0.0310571055873751,0.00832409811989871,0.00685614263691057,-0.00146795548298814,1.21410807223953
"B_covariate_dependent",122,"G-sCAP(1.00) vs IPCW-X","gscap_x_l100","ipcw_x",0.0584703017661534,0.0276424133441347,-0.0308278884220187,0.0104197715316616,0.00785395175191989,-0.00256581977974171,1.32669156378692
"B_covariate_dependent",123,"G-sCAP(1.00) vs IPCW-X","gscap_x_l100","ipcw_x",0.081044397384205,0.0420283036615498,-0.0390160937226552,0.0260724356535887,0.019848691534952,-0.0062237441186367,1.31355941562582
"B_covariate_dependent",124,"G-sCAP(1.00) vs IPCW-X","gscap_x_l100","ipcw_x",0.0596698206042799,0.019069325994441,-0.0406004946098389,0.0275175556478096,0.0192028450635182,-0.0083147105842914,1.43299368175853
"B_covariate_dependent",125,"G-sCAP(1.00) vs IPCW-X","gscap_x_l100","ipcw_x",0.131432137650167,0.0850461779575144,-0.0463859596926526,0.0363823254610171,0.0253484804843518,-0.0110338449766653,1.43528624855745
"B_covariate_dependent",126,"G-sCAP(1.00) vs IPCW-X","gscap_x_l100","ipcw_x",0.123692334353411,0.0678145948063443,-0.0558777395470667,0.0352511029816577,0.0197431218567157,-0.015507981124942,1.78548778848097
"B_covariate_dependent",127,"G-sCAP(1.00) vs IPCW-X","gscap_x_l100","ipcw_x",0.128866142648955,0.0739417987541772,-0.0549243438947778,0.0489579103475894,0.0370757034555156,-0.0118822068920738,1.32048500189161
"B_covariate_dependent",128,"G-sCAP(1.00) vs IPCW-X","gscap_x_l100","ipcw_x",0.0454208811564769,0.000466566131793835,-0.0449543150246831,0.0354854796096816,0.0308101668223729,-0.0046753127873087,1.15174577970521
"B_covariate_dependent",129,"G-sCAP(1.00) vs IPCW-X","gscap_x_l100","ipcw_x",0.0239689141961321,0.00195877399378942,-0.0220101402023427,0.00135495999467667,0.000720302063566998,-0.000634657931109672,1.88109969859977
"B_covariate_dependent",130,"G-sCAP(1.00) vs IPCW-X","gscap_x_l100","ipcw_x",0.023591290688366,0.0027847995317898,-0.0208064911565762,0.00172428888663679,0.00112942711081069,-0.0005948617758261,1.5266933741294
"B_covariate_dependent",131,"G-sCAP(1.00) vs IPCW-X","gscap_x_l100","ipcw_x",0.0121991788835064,0.0132206608150982,0.0010214819315918,0.00337920124246108,0.00342454484072978,4.53435982687e-05,0.986759233598169
"B_covariate_dependent",132,"G-sCAP(1.00) vs IPCW-X","gscap_x_l100","ipcw_x",0.00138423921943182,0.0309530669451588,0.029568827725727,0.00664622918890064,0.00640781640767431,-0.00023841278122633,1.03720655618984
"B_covariate_dependent",133,"G-sCAP(1.00) vs IPCW-X","gscap_x_l100","ipcw_x",0.0430617003930902,0.0125784543818698,-0.0304832460112204,0.00450774706347423,0.00237579021393299,-0.00213195684954124,1.897367468322
"B_covariate_dependent",134,"G-sCAP(1.00) vs IPCW-X","gscap_x_l100","ipcw_x",0.0419203074813279,0.022413189533389,-0.0195071179479389,0.00526298071006822,0.00437742045635631,-0.00088556025371191,1.20230184935194
"B_covariate_dependent",135,"G-sCAP(1.00) vs IPCW-X","gscap_x_l100","ipcw_x",0.0259978950185965,0.00891885166152157,-0.0170790433570749,0.00865971232392526,0.00919222754974307,0.00053251522581781,0.942068968273888
"B_covariate_dependent",136,"G-sCAP(1.00) vs IPCW-X","gscap_x_l100","ipcw_x",0.00785797817226774,0.0574827971033065,0.0496248189310388,0.0119889260984368,0.0159801318578977,0.0039912057594609,0.750239497711756
"B_covariate_dependent",137,"G-sCAP(1.00) vs IPCW-X","gscap_x_l100","ipcw_x",0.0194678206480487,0.0019359910220824,-0.0175318296259663,0.000791064570533194,0.000381880695846548,-0.000409183874686646,2.07149661959103
"B_covariate_dependent",138,"G-sCAP(1.00) vs IPCW-X","gscap_x_l100","ipcw_x",0.0161787362305844,0.00039707789272096,-0.0157816583378634,0.000866442010098338,0.000562865359504174,-0.000303576650594164,1.53934150586489
"B_covariate_dependent",139,"G-sCAP(1.00) vs IPCW-X","gscap_x_l100","ipcw_x",0.0018590514859154,0.0190569046940351,0.0171978532081197,0.00130585837560492,0.00156028282023063,0.00025442444462571,0.836936969806472
"B_covariate_dependent",140,"G-sCAP(1.00) vs IPCW-X","gscap_x_l100","ipcw_x",0.0144856032990345,0.0399258963756354,0.0254402930766009,0.00334797879839195,0.0039185635657925,0.000570584767400551,0.854389304187502
"B_covariate_dependent",141,"G-sCAP(1.00) vs IPCW-X","gscap_x_l100","ipcw_x",0.0255302803179656,0.00368843303928013,-0.0218418472786855,0.00174772474611179,0.00116930652921644,-0.00057841821689535,1.49466773890586
"B_covariate_dependent",142,"G-sCAP(1.00) vs IPCW-X","gscap_x_l100","ipcw_x",0.0301711230854055,0.0128578711636095,-0.017313251921796,0.00301269835811276,0.0021292017865934,-0.00088349657151936,1.41494262172911
"B_covariate_dependent",143,"G-sCAP(1.00) vs IPCW-X","gscap_x_l100","ipcw_x",0.00774988360836328,0.016970337065093,0.00922045345672972,0.00335778729366647,0.00425038078244239,0.00089259348877592,0.789996818058496
"B_covariate_dependent",144,"G-sCAP(1.00) vs IPCW-X","gscap_x_l100","ipcw_x",0.0193948503684145,0.0606129020885092,0.0412180517200947,0.00698148426950684,0.0113937591485258,0.00441227487901896,0.612746344599548
"B_covariate_dependent",49,"G-sCAP(0.50) vs PL-sCAP(0.50)","gscap_x_l050","scap_x_l050",0.0180873521201324,0.0173725448008129,-0.000714807319319503,0.00636874297494671,0.00413971359228415,-0.00222902938266256,1.53845014467116
"B_covariate_dependent",50,"G-sCAP(0.50) vs PL-sCAP(0.50)","gscap_x_l050","scap_x_l050",0.0219892824409598,0.0151909383054701,-0.0067983441354897,0.00704932997657585,0.00376611306769497,-0.00328321690888088,1.8717786348593
"B_covariate_dependent",51,"G-sCAP(0.50) vs PL-sCAP(0.50)","gscap_x_l050","scap_x_l050",0.0320845897394239,0.0204070094700674,-0.0116775802693565,0.0133284122709919,0.00425357195314399,-0.00907484031784791,3.13346345561178
"B_covariate_dependent",52,"G-sCAP(0.50) vs PL-sCAP(0.50)","gscap_x_l050","scap_x_l050",0.0326543182192776,0.0168711934205229,-0.0157831247987547,0.0157521041388645,0.00377134770892916,-0.0119807564299353,4.17678383289065
"B_covariate_dependent",53,"G-sCAP(0.50) vs PL-sCAP(0.50)","gscap_x_l050","scap_x_l050",0.0326943294580852,0.0247436007666468,-0.0079507286914384,0.0143593135526827,0.00653333913098182,-0.00782597442170088,2.19785216484313
"B_covariate_dependent",54,"G-sCAP(0.50) vs PL-sCAP(0.50)","gscap_x_l050","scap_x_l050",0.048326007369181,0.0248968556686954,-0.0234291517004856,0.0185167305566694,0.00562250078556628,-0.0128942297711031,3.29332645078581
"B_covariate_dependent",55,"G-sCAP(0.50) vs PL-sCAP(0.50)","gscap_x_l050","scap_x_l050",0.048800458944953,0.0251557355057588,-0.0236447234391942,0.0215210974592175,0.00615070840465665,-0.0153703890545609,3.49896240291997
"B_covariate_dependent",56,"G-sCAP(0.50) vs PL-sCAP(0.50)","gscap_x_l050","scap_x_l050",0.0759737747345646,0.033249593672799,-0.0427241810617656,0.0274121103360561,0.00610579046662317,-0.0213063198694329,4.48952686566994
"B_covariate_dependent",57,"G-sCAP(0.50) vs PL-sCAP(0.50)","gscap_x_l050","scap_x_l050",0.0108055539334142,0.00938630328882491,-0.00141925064458929,0.00142958148186648,0.00134208516606716,-8.74963157993199e-05,1.06519430958001
"B_covariate_dependent",58,"G-sCAP(0.50) vs PL-sCAP(0.50)","gscap_x_l050","scap_x_l050",0.011694251483978,0.00962865014307812,-0.00206560134089988,0.00168258354867393,0.00132090453763312,-0.00036167901104081,1.27381161979267
"B_covariate_dependent",59,"G-sCAP(0.50) vs PL-sCAP(0.50)","gscap_x_l050","scap_x_l050",0.00971903338477153,0.00848092604537956,-0.00123810733939197,0.00450686680211209,0.00129870683143941,-0.00320815997067268,3.47027265354179
"B_covariate_dependent",60,"G-sCAP(0.50) vs PL-sCAP(0.50)","gscap_x_l050","scap_x_l050",0.0131097873807624,0.0109852938812168,-0.0021244934995456,0.00565296447010037,0.00123687452172142,-0.00441608994837895,4.57036212714032
"B_covariate_dependent",61,"G-sCAP(0.50) vs PL-sCAP(0.50)","gscap_x_l050","scap_x_l050",0.015395413926673,0.0132081925680938,-0.0021872213585792,0.0035769464274966,0.0019801004997999,-0.0015968459276967,1.80644690906248
"B_covariate_dependent",62,"G-sCAP(0.50) vs PL-sCAP(0.50)","gscap_x_l050","scap_x_l050",0.0148709495501728,0.011247620677741,-0.0036233288724318,0.00489256500824863,0.00192229118134253,-0.0029702738269061,2.5451737258825
"B_covariate_dependent",63,"G-sCAP(0.50) vs PL-sCAP(0.50)","gscap_x_l050","scap_x_l050",0.0202922216139804,0.0135418041374275,-0.0067504174765529,0.0098754108631309,0.00195614917355388,-0.00791926168957702,5.04839354617803
"B_covariate_dependent",64,"G-sCAP(0.50) vs PL-sCAP(0.50)","gscap_x_l050","scap_x_l050",0.0250690771945286,0.0172094106977562,-0.0078596664967724,0.0112682211983227,0.00194528348682489,-0.00932293771149781,5.79258564350166
"B_covariate_dependent",65,"G-sCAP(0.50) vs PL-sCAP(0.50)","gscap_x_l050","scap_x_l050",0.00911478795280375,0.00784950471377131,-0.00126528323903244,0.000819547519719904,0.00077736680960943,-4.2180710110474e-05,1.05426101241918
"B_covariate_dependent",66,"G-sCAP(0.50) vs PL-sCAP(0.50)","gscap_x_l050","scap_x_l050",0.00961942471899895,0.00777165752403236,-0.00184776719496659,0.000899173642267182,0.000775961003878965,-0.000123212638388217,1.15878715266913
"B_covariate_dependent",67,"G-sCAP(0.50) vs PL-sCAP(0.50)","gscap_x_l050","scap_x_l050",0.00740528190579373,0.00465868097648912,-0.00274660092930461,0.00147619212539747,0.00074066037073575,-0.00073553175466172,1.99307561700792
"B_covariate_dependent",68,"G-sCAP(0.50) vs PL-sCAP(0.50)","gscap_x_l050","scap_x_l050",0.00267761584052555,0.0060872791288103,0.00340966328828475,0.00255291962299146,0.000663292811862274,-0.00188962681112919,3.84885766487327
"B_covariate_dependent",69,"G-sCAP(0.50) vs PL-sCAP(0.50)","gscap_x_l050","scap_x_l050",0.00820970163218522,0.0062337552896494,-0.00197594634253582,0.001725516146114,0.00112224221285915,-0.00060327393325485,1.53756125579868
"B_covariate_dependent",70,"G-sCAP(0.50) vs PL-sCAP(0.50)","gscap_x_l050","scap_x_l050",0.00961975384511063,0.00703003217451638,-0.00258972167059425,0.00241013998688335,0.00105583402091762,-0.00135430596596573,2.28268831950377
"B_covariate_dependent",71,"G-sCAP(0.50) vs PL-sCAP(0.50)","gscap_x_l050","scap_x_l050",0.0028298077032282,0.00287786912880251,4.806142557431e-05,0.004772935838269,0.000994616573154598,-0.0037783192651144,4.79876966370147
"B_covariate_dependent",72,"G-sCAP(0.50) vs PL-sCAP(0.50)","gscap_x_l050","scap_x_l050",0.0142387727840037,0.0160197817124085,0.0017810089284048,0.00639800749628401,0.00128951781685707,-0.00510848967942694,4.96155028852398
"B_covariate_dependent",73,"G-sCAP(0.50) vs PL-sCAP(0.50)","gscap_x_l050","scap_x_l050",0.00512491786870789,0.00178845508924708,-0.00333646277946081,0.0112357819948163,0.00633175038960869,-0.00490403160520761,1.77451436071388
"B_covariate_dependent",74,"G-sCAP(0.50) vs PL-sCAP(0.50)","gscap_x_l050","scap_x_l050",0.0027629728533491,0.00224256238312015,-0.00052041047022895,0.0133224653574124,0.00650280496457069,-0.00681966039284171,2.04872596210364
"B_covariate_dependent",75,"G-sCAP(0.50) vs PL-sCAP(0.50)","gscap_x_l050","scap_x_l050",0.00101491832611516,0.00820860486184598,0.00719368653573082,0.022588173315936,0.00628721359321001,-0.016300959722726,3.5927160706502
"B_covariate_dependent",76,"G-sCAP(0.50) vs PL-sCAP(0.50)","gscap_x_l050","scap_x_l050",0.000759461433540654,0.0174809431383268,0.0167214817047861,0.0242171903377273,0.00665740120336675,-0.0175597891343605,3.63763420559366
"B_covariate_dependent",77,"G-sCAP(0.50) vs PL-sCAP(0.50)","gscap_x_l050","scap_x_l050",0.00363779897883707,0.00259571929893361,-0.00104207967990346,0.0254304557969161,0.00914132325171857,-0.0162891325451975,2.78192282415297
"B_covariate_dependent",78,"G-sCAP(0.50) vs PL-sCAP(0.50)","gscap_x_l050","scap_x_l050",0.00785502529886839,0.0114999771978067,0.00364495189893831,0.027435034993566,0.00949031831892698,-0.017944716674639,2.89084455037204
"B_covariate_dependent",79,"G-sCAP(0.50) vs PL-sCAP(0.50)","gscap_x_l050","scap_x_l050",0.00770744812802282,0.00968442414302649,0.00197697601500367,0.0376582112240231,0.0090031427903058,-0.0286550684337173,4.18278506751796
"B_covariate_dependent",80,"G-sCAP(0.50) vs PL-sCAP(0.50)","gscap_x_l050","scap_x_l050",0.0245889030180853,0.0242577037866134,-0.000331199231471898,0.0368071954554608,0.00889851019452359,-0.0279086852609372,4.13633233550859
"B_covariate_dependent",81,"G-sCAP(0.50) vs PL-sCAP(0.50)","gscap_x_l050","scap_x_l050",0.00432499438549099,0.00373628244568341,-0.00058871193980758,0.00241267581324796,0.00204417611120854,-0.00036849970203942,1.18026807965267
"B_covariate_dependent",82,"G-sCAP(0.50) vs PL-sCAP(0.50)","gscap_x_l050","scap_x_l050",0.000532201340899884,0.000372230393873986,-0.000159970947025898,0.00238168348389022,0.00199987785729649,-0.00038180562659373,1.19091447270178
"B_covariate_dependent",83,"G-sCAP(0.50) vs PL-sCAP(0.50)","gscap_x_l050","scap_x_l050",0.00899122246843688,0.00674477590585656,-0.00224644656258032,0.00704150527757968,0.00219297032389528,-0.0048485349536844,3.21094417049482
"B_covariate_dependent",84,"G-sCAP(0.50) vs PL-sCAP(0.50)","gscap_x_l050","scap_x_l050",0.0156599420947984,0.0126717979075512,-0.0029881441872472,0.0105872045993902,0.002169754264424,-0.0084174503349662,4.87944868825999
"B_covariate_dependent",85,"G-sCAP(0.50) vs PL-sCAP(0.50)","gscap_x_l050","scap_x_l050",0.00620993388321413,0.00336450918778019,-0.00284542469543394,0.00707425571356392,0.0029276136419957,-0.00414664207156822,2.41638978999344
"B_covariate_dependent",86,"G-sCAP(0.50) vs PL-sCAP(0.50)","gscap_x_l050","scap_x_l050",0.00805742804031041,0.00958049328462041,0.00152306524431,0.00925287009525687,0.00290714412945915,-0.00634572596579772,3.18280404521199
"B_covariate_dependent",87,"G-sCAP(0.50) vs PL-sCAP(0.50)","gscap_x_l050","scap_x_l050",0.0058896069622974,0.00334613771932555,-0.00254346924297185,0.0152698970319286,0.00284632040672351,-0.0124235766252051,5.36478500307218
"B_covariate_dependent",88,"G-sCAP(0.50) vs PL-sCAP(0.50)","gscap_x_l050","scap_x_l050",0.0344319265906673,0.0222951527695409,-0.0121367738211264,0.0199814389198241,0.00333733621665814,-0.016644102703166,5.98724180683019
"B_covariate_dependent",89,"G-sCAP(0.50) vs PL-sCAP(0.50)","gscap_x_l050","scap_x_l050",0.00180271979050943,0.00119567599087217,-0.00060704379963726,0.00130938261715938,0.0012673351403232,-4.20474768361801e-05,1.03317786708373
"B_covariate_dependent",90,"G-sCAP(0.50) vs PL-sCAP(0.50)","gscap_x_l050","scap_x_l050",0.00129093216115633,0.00102076893012262,-0.00027016323103371,0.00148255556507755,0.00132972096712564,-0.00015283459795191,1.11493734530056
"B_covariate_dependent",91,"G-sCAP(0.50) vs PL-sCAP(0.50)","gscap_x_l050","scap_x_l050",0.00502337505857629,0.00513652501031321,0.00011314995173692,0.0027032771277251,0.00127324812304146,-0.00143002900468364,2.12313458689236
"B_covariate_dependent",92,"G-sCAP(0.50) vs PL-sCAP(0.50)","gscap_x_l050","scap_x_l050",0.0176146302696951,0.0172479663654572,-0.0003666639042379,0.0052731267285805,0.00149067332439173,-0.00378245340418877,3.53741268613108
"B_covariate_dependent",93,"G-sCAP(0.50) vs PL-sCAP(0.50)","gscap_x_l050","scap_x_l050",0.00590120734366016,0.00218181308458802,-0.00371939425907214,0.00310601399655436,0.00183275659461634,-0.00127325740193802,1.69472258655523
"B_covariate_dependent",94,"G-sCAP(0.50) vs PL-sCAP(0.50)","gscap_x_l050","scap_x_l050",8.70488192067611e-05,0.0032017511644304,0.00311470234522364,0.00516642314250878,0.00185151287349145,-0.00331491026901733,2.79037927117747
"B_covariate_dependent",95,"G-sCAP(0.50) vs PL-sCAP(0.50)","gscap_x_l050","scap_x_l050",0.00706200285320717,0.00222077317205181,-0.00484122968115536,0.00807308761419239,0.00172369857043871,-0.00634938904375368,4.68358433002451
"B_covariate_dependent",96,"G-sCAP(0.50) vs PL-sCAP(0.50)","gscap_x_l050","scap_x_l050",0.0271828510994247,0.0186807870762334,-0.0085020640231913,0.0112058856289399,0.00209894611961926,-0.00910693950932064,5.33881528648892
"B_covariate_dependent",97,"G-sCAP(0.50) vs PL-sCAP(0.50)","gscap_x_l050","scap_x_l050",0.0240533509047262,0.0219863642364979,-0.0020669866682283,0.00814695251661546,0.00476046272736437,-0.00338648978925109,1.71137828047359
"B_covariate_dependent",98,"G-sCAP(0.50) vs PL-sCAP(0.50)","gscap_x_l050","scap_x_l050",0.0263624597523108,0.0109476620060822,-0.0154147977462286,0.0099687734521457,0.00461886455501524,-0.00534990889713046,2.15827360456401
"B_covariate_dependent",99,"G-sCAP(0.50) vs PL-sCAP(0.50)","gscap_x_l050","scap_x_l050",0.0465961527220351,0.00329119656347194,-0.0433049561585632,0.0255268526809791,0.00513446617937768,-0.0203923865016014,4.97166634060351
"B_covariate_dependent",100,"G-sCAP(0.50) vs PL-sCAP(0.50)","gscap_x_l050","scap_x_l050",0.040861318406476,0.0277999429666139,-0.0130613754398621,0.0258885412155895,0.0063466318705057,-0.0195419093450838,4.07909923622633
"B_covariate_dependent",101,"G-sCAP(0.50) vs PL-sCAP(0.50)","gscap_x_l050","scap_x_l050",0.0759453776968911,0.0338556988949047,-0.0420896788019864,0.0269449406941051,0.00787960919118862,-0.0190653315029165,3.41957831160412
"B_covariate_dependent",102,"G-sCAP(0.50) vs PL-sCAP(0.50)","gscap_x_l050","scap_x_l050",0.0762978731662367,0.00656119491042731,-0.0697366782558094,0.027119117213277,0.00718122606078425,-0.0199378911524927,3.77639096495945
"B_covariate_dependent",103,"G-sCAP(0.50) vs PL-sCAP(0.50)","gscap_x_l050","scap_x_l050",0.0898708112782888,0.0131416708501871,-0.0767291404281017,0.0447043985482847,0.00785741299749118,-0.0368469855507935,5.68945511233259
"B_covariate_dependent",104,"G-sCAP(0.50) vs PL-sCAP(0.50)","gscap_x_l050","scap_x_l050",0.00781577163886462,0.023855850457495,0.0160400788186304,0.0333616486650364,0.00925096433788789,-0.0241106843271485,3.60628875504381
"B_covariate_dependent",105,"G-sCAP(0.50) vs PL-sCAP(0.50)","gscap_x_l050","scap_x_l050",0.0125604788579182,0.01387359301734,0.0013131141594218,0.00186924898986202,0.00168475721817334,-0.00018449177168868,1.10950644383569
"B_covariate_dependent",106,"G-sCAP(0.50) vs PL-sCAP(0.50)","gscap_x_l050","scap_x_l050",0.0127006503696197,0.00961585468267717,-0.00308479568694253,0.00216504331183793,0.00165188239930387,-0.00051316091253406,1.31065220668875
"B_covariate_dependent",107,"G-sCAP(0.50) vs PL-sCAP(0.50)","gscap_x_l050","scap_x_l050",0.000356617113929794,0.00155776119711328,0.00120114408318349,0.00468037482022472,0.0016571695062516,-0.00302320531397312,2.82431869677073
"B_covariate_dependent",108,"G-sCAP(0.50) vs PL-sCAP(0.50)","gscap_x_l050","scap_x_l050",0.0222658589137141,0.0359112212364073,0.0136453623226932,0.00811643841071776,0.00328877515222658,-0.00482766325849118,2.46792134914506
"B_covariate_dependent",109,"G-sCAP(0.50) vs PL-sCAP(0.50)","gscap_x_l050","scap_x_l050",0.0208234427098198,0.0156052573524184,-0.0052181853574014,0.00493930507957578,0.00239810945768502,-0.00254119562189076,2.05966623572882
"B_covariate_dependent",110,"G-sCAP(0.50) vs PL-sCAP(0.50)","gscap_x_l050","scap_x_l050",0.0313920491120784,0.0060369797242177,-0.0253550693878607,0.00712338101545425,0.00243501214982704,-0.00468836886562721,2.92539855128042
"B_covariate_dependent",111,"G-sCAP(0.50) vs PL-sCAP(0.50)","gscap_x_l050","scap_x_l050",0.00802911478260528,0.00174665152755725,-0.00628246325504803,0.0102570429923419,0.00251482469141487,-0.00774221830092703,4.0786314160814
"B_covariate_dependent",112,"G-sCAP(0.50) vs PL-sCAP(0.50)","gscap_x_l050","scap_x_l050",0.0280684615752682,0.0282265918594958,0.000158130284227599,0.0135992565830972,0.00372316857545635,-0.00987608800764085,3.65260296639411
"B_covariate_dependent",113,"G-sCAP(0.50) vs PL-sCAP(0.50)","gscap_x_l050","scap_x_l050",0.0138288073668724,0.0139884699243504,0.000159662557477999,0.00112744417053354,0.00107537436662853,-5.20698039050099e-05,1.04842016466159
"B_covariate_dependent",114,"G-sCAP(0.50) vs PL-sCAP(0.50)","gscap_x_l050","scap_x_l050",0.0119247716148038,0.00833168341672598,-0.00359308819807782,0.00113270561291955,0.000998250527974757,-0.000134455084944793,1.13469072259603
"B_covariate_dependent",115,"G-sCAP(0.50) vs PL-sCAP(0.50)","gscap_x_l050","scap_x_l050",0.00475124298612803,0.00434763062128526,-0.00040361236484277,0.00242725032296155,0.00103165894682349,-0.00139559137613806,2.35276428361827
"B_covariate_dependent",116,"G-sCAP(0.50) vs PL-sCAP(0.50)","gscap_x_l050","scap_x_l050",0.0252605810758295,0.0339424748059435,0.008681893730114,0.00366551226060144,0.00232354012310014,-0.0013419721375013,1.57755496630323
"B_covariate_dependent",117,"G-sCAP(0.50) vs PL-sCAP(0.50)","gscap_x_l050","scap_x_l050",0.0129004092245367,0.0132958913370237,0.000395482112487,0.00262039776626033,0.00154938901121037,-0.00107100875504996,1.69124587001769
"B_covariate_dependent",118,"G-sCAP(0.50) vs PL-sCAP(0.50)","gscap_x_l050","scap_x_l050",0.0191593560163422,0.00872163085227936,-0.0104377251640628,0.00391543944593961,0.00151519520356695,-0.00240024424237266,2.58411552301789
"B_covariate_dependent",119,"G-sCAP(0.50) vs PL-sCAP(0.50)","gscap_x_l050","scap_x_l050",0.00223756615156658,0.00119114210063775,-0.00104642405092883,0.00498615325037589,0.00152244844959987,-0.00346370480077602,3.27508839572621
"B_covariate_dependent",120,"G-sCAP(0.50) vs PL-sCAP(0.50)","gscap_x_l050","scap_x_l050",0.0327045828608068,0.0332964762937121,0.000591893432905305,0.00834273399617597,0.00279432947210584,-0.00554840452407013,2.98559424701225
"B_covariate_dependent",121,"G-sCAP(0.50) vs PL-sCAP(0.50)","gscap_x_l050","scap_x_l050",0.0399874648462337,0.0241576554482029,-0.0158298093980308,0.00664238561132557,0.00270494927787389,-0.00393743633345168,2.45564146642577
"B_covariate_dependent",122,"G-sCAP(0.50) vs PL-sCAP(0.50)","gscap_x_l050","scap_x_l050",0.0437875105833413,0.0127824122962148,-0.0310050982871265,0.00811454064730688,0.00288538797021137,-0.00522915267709551,2.81228754367907
"B_covariate_dependent",123,"G-sCAP(0.50) vs PL-sCAP(0.50)","gscap_x_l050","scap_x_l050",0.0721682632040847,0.00567370601071866,-0.066494557193366,0.0262427703915845,0.0040874319372827,-0.0221553384543018,6.42035654519804
"B_covariate_dependent",124,"G-sCAP(0.50) vs PL-sCAP(0.50)","gscap_x_l050","scap_x_l050",0.045039210120483,0.0364942106801208,-0.0085449994403622,0.0233746162763917,0.0067097443217791,-0.0166648719546126,3.48368211297117
"B_covariate_dependent",125,"G-sCAP(0.50) vs PL-sCAP(0.50)","gscap_x_l050","scap_x_l050",0.10787767566509,0.0267192831103776,-0.0811583925547124,0.0273505410532232,0.00458409913818133,-0.0227664419150419,5.96639388215197
"B_covariate_dependent",126,"G-sCAP(0.50) vs PL-sCAP(0.50)","gscap_x_l050","scap_x_l050",0.0966994166820289,0.0198291448423404,-0.0768702718396885,0.0236151452097943,0.00485043339551313,-0.0187647118142812,4.86866704151414
"B_covariate_dependent",127,"G-sCAP(0.50) vs PL-sCAP(0.50)","gscap_x_l050","scap_x_l050",0.111774804095324,0.00201338277906195,-0.109761421316262,0.0451176017247514,0.00639720994467406,-0.0387203917800773,7.05269986680891
"B_covariate_dependent",128,"G-sCAP(0.50) vs PL-sCAP(0.50)","gscap_x_l050","scap_x_l050",0.0310557801996251,0.0400662913907257,0.0090105111911006,0.0320340214878359,0.0100308337144242,-0.0220031877734117,3.19355523178212
"B_covariate_dependent",129,"G-sCAP(0.50) vs PL-sCAP(0.50)","gscap_x_l050","scap_x_l050",0.0131093586992462,0.0106995576754839,-0.0024098010237623,0.000925031305696069,0.000760843463507858,-0.000164187842188211,1.21579713839063
"B_covariate_dependent",130,"G-sCAP(0.50) vs PL-sCAP(0.50)","gscap_x_l050","scap_x_l050",0.0126559163293962,0.00203616851382247,-0.0106197478155737,0.00119524534141832,0.000875276794524985,-0.000319968546893335,1.36556269844556
"B_covariate_dependent",131,"G-sCAP(0.50) vs PL-sCAP(0.50)","gscap_x_l050","scap_x_l050",0.00122385040805279,0.0132103254964789,0.0119864750884261,0.00339315797477116,0.00148333349430845,-0.00190982448046271,2.28752198193508
"B_covariate_dependent",132,"G-sCAP(0.50) vs PL-sCAP(0.50)","gscap_x_l050","scap_x_l050",0.0179144547086484,0.0418809861939202,0.0239665314852718,0.0054049496789411,0.0034708008447713,-0.0019341488341698,1.55726298358016
"B_covariate_dependent",133,"G-sCAP(0.50) vs PL-sCAP(0.50)","gscap_x_l050","scap_x_l050",0.0263201533340642,0.00581162323678474,-0.0205085300972795,0.00286529654820271,0.00115157917268727,-0.00171371737551544,2.48814551023565
"B_covariate_dependent",134,"G-sCAP(0.50) vs PL-sCAP(0.50)","gscap_x_l050","scap_x_l050",0.0300436617491448,0.0412771917643773,0.0112335300152325,0.00416762360089328,0.00317561094840416,-0.00099201265248912,1.31238481936449
"B_covariate_dependent",135,"G-sCAP(0.50) vs PL-sCAP(0.50)","gscap_x_l050","scap_x_l050",0.00709902961810293,0.0224560869871924,0.0153570573690895,0.00731130249776771,0.0025006161828283,-0.00481068631493941,2.92380036087678
"B_covariate_dependent",136,"G-sCAP(0.50) vs PL-sCAP(0.50)","gscap_x_l050","scap_x_l050",0.0296754470995614,0.0513244951266608,0.0216490480270994,0.0110265585836228,0.00527933736424392,-0.00574722121937888,2.08862548893046
"B_covariate_dependent",137,"G-sCAP(0.50) vs PL-sCAP(0.50)","gscap_x_l050","scap_x_l050",0.0108649298369829,0.00843829617507236,-0.00242663366191054,0.000500108584255075,0.000445471220673989,-5.4637363581086e-05,1.12265071467113
"B_covariate_dependent",138,"G-sCAP(0.50) vs PL-sCAP(0.50)","gscap_x_l050","scap_x_l050",0.00835472493700446,0.00218144343490018,-0.00617328150210428,0.000649416518821306,0.000543643437074865,-0.000105773081746441,1.19456333790318
"B_covariate_dependent",139,"G-sCAP(0.50) vs PL-sCAP(0.50)","gscap_x_l050","scap_x_l050",0.00864954452472148,0.0173014431652332,0.00865189864051172,0.00130299516376912,0.00104843215959283,-0.00025456300417629,1.24280350602289
"B_covariate_dependent",140,"G-sCAP(0.50) vs PL-sCAP(0.50)","gscap_x_l050","scap_x_l050",0.026807099221411,0.0460019227248141,0.0191948235034031,0.0031505848191611,0.00309862964727118,-5.19551718899201e-05,1.01676714477178
"B_covariate_dependent",141,"G-sCAP(0.50) vs PL-sCAP(0.50)","gscap_x_l050","scap_x_l050",0.0141316355310856,0.00229991955636756,-0.011831715974718,0.0011997013157945,0.000622809653472246,-0.000576891662322254,1.92627283329025
"B_covariate_dependent",142,"G-sCAP(0.50) vs PL-sCAP(0.50)","gscap_x_l050","scap_x_l050",0.0198307327434264,0.0418411847893409,0.0220104520459145,0.00213026121816404,0.0027011520901923,0.00057089087202826,0.788649119721497
"B_covariate_dependent",143,"G-sCAP(0.50) vs PL-sCAP(0.50)","gscap_x_l050","scap_x_l050",0.00482255390626322,0.0228328414700445,0.0180102875637813,0.00322026828566192,0.0015765364463231,-0.00164373183933882,2.0426221627622
"B_covariate_dependent",144,"G-sCAP(0.50) vs PL-sCAP(0.50)","gscap_x_l050","scap_x_l050",0.0415349890470628,0.0568965739179959,0.0153615848709331,0.0074365524051299,0.00479646875053208,-0.00264008365459782,1.55042236109741
"B_covariate_dependent",49,"G-sCAP(1.00) vs PL-sCAP(0.50)","gscap_x_l100","scap_x_l050",0.0316627821223932,0.0173725448008129,-0.0142902373215803,0.0070028213819258,0.00413971359228415,-0.00286310778964165,1.69161977654157
"B_covariate_dependent",50,"G-sCAP(1.00) vs PL-sCAP(0.50)","gscap_x_l100","scap_x_l050",0.0309514586119906,0.0151909383054701,-0.0157605203065205,0.00649296758436546,0.00376611306769497,-0.00272685451667049,1.72405009293559
"B_covariate_dependent",51,"G-sCAP(1.00) vs PL-sCAP(0.50)","gscap_x_l100","scap_x_l050",0.0400570663065832,0.0204070094700674,-0.0196500568365158,0.0122060858073978,0.00425357195314399,-0.00795251385425381,2.86960840015314
"B_covariate_dependent",52,"G-sCAP(1.00) vs PL-sCAP(0.50)","gscap_x_l100","scap_x_l050",0.0386073098190953,0.0168711934205229,-0.0217361163985724,0.0154404471941341,0.00377134770892916,-0.0116690994852049,4.0941457499601
"B_covariate_dependent",53,"G-sCAP(1.00) vs PL-sCAP(0.50)","gscap_x_l100","scap_x_l050",0.0484718623816686,0.0247436007666468,-0.0237282616150218,0.0162088255526527,0.00653333913098182,-0.00967548642167088,2.4809404850559
"B_covariate_dependent",54,"G-sCAP(1.00) vs PL-sCAP(0.50)","gscap_x_l100","scap_x_l050",0.0598952753708633,0.0248968556686954,-0.0349984197021679,0.0194359494017829,0.00562250078556628,-0.0138134486162166,3.45681577345042
"B_covariate_dependent",55,"G-sCAP(1.00) vs PL-sCAP(0.50)","gscap_x_l100","scap_x_l050",0.060296718447802,0.0251557355057588,-0.0351409829420432,0.0246476632447453,0.00615070840465665,-0.0184969548400887,4.00728853055117
"B_covariate_dependent",56,"G-sCAP(1.00) vs PL-sCAP(0.50)","gscap_x_l100","scap_x_l050",0.0804241427383282,0.033249593672799,-0.0471745490655292,0.0293260701570964,0.00610579046662317,-0.0232202796904732,4.80299321069157
"B_covariate_dependent",57,"G-sCAP(1.00) vs PL-sCAP(0.50)","gscap_x_l100","scap_x_l050",0.018324004748695,0.00938630328882491,-0.00893770145987009,0.00160923261436451,0.00134208516606716,-0.00026714744829735,1.19905402060303
"B_covariate_dependent",58,"G-sCAP(1.00) vs PL-sCAP(0.50)","gscap_x_l100","scap_x_l050",0.0184433179357907,0.00962865014307812,-0.00881466779271258,0.0017167664049197,0.00132090453763312,-0.00039586186728658,1.29968998970653
"B_covariate_dependent",59,"G-sCAP(1.00) vs PL-sCAP(0.50)","gscap_x_l100","scap_x_l050",0.0169027703115777,0.00848092604537956,-0.00842184426619814,0.00434575850772215,0.00129870683143941,-0.00304705167628274,3.34621979535256
"B_covariate_dependent",60,"G-sCAP(1.00) vs PL-sCAP(0.50)","gscap_x_l100","scap_x_l050",0.0165521618372307,0.0109852938812168,-0.0055668679560139,0.00509694269078223,0.00123687452172142,-0.00386006816906081,4.12082438539405
"B_covariate_dependent",61,"G-sCAP(1.00) vs PL-sCAP(0.50)","gscap_x_l100","scap_x_l050",0.0256953024825339,0.0132081925680938,-0.0124871099144401,0.00410096239406332,0.0019801004997999,-0.00212086189426342,2.07108800511779
"B_covariate_dependent",62,"G-sCAP(1.00) vs PL-sCAP(0.50)","gscap_x_l100","scap_x_l050",0.0250144110141673,0.011247620677741,-0.0137667903364263,0.00550637192589826,0.00192229118134253,-0.00358408074455573,2.86448378858639
"B_covariate_dependent",63,"G-sCAP(1.00) vs PL-sCAP(0.50)","gscap_x_l100","scap_x_l050",0.0288223868098407,0.0135418041374275,-0.0152805826724132,0.0090144661640591,0.00195614917355388,-0.00705831699050522,4.60827133529998
"B_covariate_dependent",64,"G-sCAP(1.00) vs PL-sCAP(0.50)","gscap_x_l100","scap_x_l050",0.0299239552328613,0.0172094106977562,-0.0127145445351051,0.0104414067712704,0.00194528348682489,-0.00849612328444551,5.36755020128864
"B_covariate_dependent",65,"G-sCAP(1.00) vs PL-sCAP(0.50)","gscap_x_l100","scap_x_l050",0.014923417570834,0.00784950471377131,-0.00707391285706269,0.000952638186519667,0.00077736680960943,-0.000175271376910237,1.22546804770106
"B_covariate_dependent",66,"G-sCAP(1.00) vs PL-sCAP(0.50)","gscap_x_l100","scap_x_l050",0.0150548010159057,0.00777165752403236,-0.00728314349187334,0.00101465179935406,0.000775961003878965,-0.000238690795475095,1.30760668935926
"B_covariate_dependent",67,"G-sCAP(1.00) vs PL-sCAP(0.50)","gscap_x_l100","scap_x_l050",0.0124329662870428,0.00465868097648912,-0.00777428531055368,0.00127761252765738,0.00074066037073575,-0.00053695215692163,1.72496407008821
"B_covariate_dependent",68,"G-sCAP(1.00) vs PL-sCAP(0.50)","gscap_x_l100","scap_x_l050",0.00818811722240624,0.0060872791288103,-0.00210083809359594,0.00275720652623135,0.000663292811862274,-0.00209391371436908,4.15684668508643
"B_covariate_dependent",69,"G-sCAP(1.00) vs PL-sCAP(0.50)","gscap_x_l100","scap_x_l050",0.0144845324035599,0.0062337552896494,-0.0082507771139105,0.00170451766819058,0.00112224221285915,-0.00058227545533143,1.5188500741279
"B_covariate_dependent",70,"G-sCAP(1.00) vs PL-sCAP(0.50)","gscap_x_l100","scap_x_l050",0.016140152658693,0.00703003217451638,-0.00911012048417662,0.00251980394585298,0.00105583402091762,-0.00146396992493536,2.38655309066763
"B_covariate_dependent",71,"G-sCAP(1.00) vs PL-sCAP(0.50)","gscap_x_l100","scap_x_l050",0.0091983243052502,0.00287786912880251,-0.00632045517644769,0.00469700181526195,0.000994616573154598,-0.00370238524210735,4.72242464285971
"B_covariate_dependent",72,"G-sCAP(1.00) vs PL-sCAP(0.50)","gscap_x_l100","scap_x_l050",0.0189088785593216,0.0160197817124085,-0.0028890968469131,0.00616772709360065,0.00128951781685707,-0.00487820927674358,4.78297159835542
"B_covariate_dependent",73,"G-sCAP(1.00) vs PL-sCAP(0.50)","gscap_x_l100","scap_x_l050",0.00519543214642294,0.00178845508924708,-0.00340697705717586,0.0113883619058155,0.00633175038960869,-0.00505661151620681,1.79861194852302
"B_covariate_dependent",74,"G-sCAP(1.00) vs PL-sCAP(0.50)","gscap_x_l100","scap_x_l050",0.000866158622512459,0.00224256238312015,0.00137640376060769,0.0128443511502845,0.00650280496457069,-0.00634154618571381,1.97520165840196
"B_covariate_dependent",75,"G-sCAP(1.00) vs PL-sCAP(0.50)","gscap_x_l100","scap_x_l050",0.00142978675840815,0.00820860486184598,0.00677881810343783,0.021814040166915,0.00628721359321001,-0.015526826573705,3.46958789351033
"B_covariate_dependent",76,"G-sCAP(1.00) vs PL-sCAP(0.50)","gscap_x_l100","scap_x_l050",0.00267132428445626,0.0174809431383268,0.0148096188538705,0.0251594474119037,0.00665740120336675,-0.0185020462085369,3.77916947519705
"B_covariate_dependent",77,"G-sCAP(1.00) vs PL-sCAP(0.50)","gscap_x_l100","scap_x_l050",0.00367074260321132,0.00259571929893361,-0.00107502330427771,0.0245158914984394,0.00914132325171857,-0.0153745682467208,2.68187556914481
"B_covariate_dependent",78,"G-sCAP(1.00) vs PL-sCAP(0.50)","gscap_x_l100","scap_x_l050",0.014789340780317,0.0114999771978067,-0.0032893635825103,0.0271819299559774,0.00949031831892698,-0.0176916116370504,2.86417473497883
"B_covariate_dependent",79,"G-sCAP(1.00) vs PL-sCAP(0.50)","gscap_x_l100","scap_x_l050",0.00955419569813408,0.00968442414302649,0.000130228444892411,0.040095729342291,0.0090031427903058,-0.0310925865519852,4.45352587159501
"B_covariate_dependent",80,"G-sCAP(1.00) vs PL-sCAP(0.50)","gscap_x_l100","scap_x_l050",0.0230333139068774,0.0242577037866134,0.001224389879736,0.0398472606830429,0.00889851019452359,-0.0309487504885193,4.4779698861913
"B_covariate_dependent",81,"G-sCAP(1.00) vs PL-sCAP(0.50)","gscap_x_l100","scap_x_l050",0.00519885848225174,0.00373628244568341,-0.00146257603656833,0.00223110577383302,0.00204417611120854,-0.00018692966262448,1.09144498930377
"B_covariate_dependent",82,"G-sCAP(1.00) vs PL-sCAP(0.50)","gscap_x_l100","scap_x_l050",0.000114686845988639,0.000372230393873986,0.000257543547885347,0.00240166297046581,0.00199987785729649,-0.00040178511316932,1.20090482611396
"B_covariate_dependent",83,"G-sCAP(1.00) vs PL-sCAP(0.50)","gscap_x_l100","scap_x_l050",0.00755905000711234,0.00674477590585656,-0.00081427410125578,0.00692967820739424,0.00219297032389528,-0.00473670788349896,3.15995074437913
"B_covariate_dependent",84,"G-sCAP(1.00) vs PL-sCAP(0.50)","gscap_x_l100","scap_x_l050",0.0151276016323165,0.0126717979075512,-0.0024558037247653,0.0107458888516794,0.002169754264424,-0.0085761345872554,4.95258335373388
"B_covariate_dependent",85,"G-sCAP(1.00) vs PL-sCAP(0.50)","gscap_x_l100","scap_x_l050",0.00720252702489076,0.00336450918778019,-0.00383801783711057,0.00685743129742317,0.0029276136419957,-0.00392981765542747,2.34232796262986
"B_covariate_dependent",86,"G-sCAP(1.00) vs PL-sCAP(0.50)","gscap_x_l100","scap_x_l050",0.00335289989461363,0.00958049328462041,0.00622759339000678,0.00909965120189302,0.00290714412945915,-0.00619250707243387,3.13009978063452
"B_covariate_dependent",87,"G-sCAP(1.00) vs PL-sCAP(0.50)","gscap_x_l100","scap_x_l050",0.00754215291323976,0.00334613771932555,-0.00419601519391421,0.0134287765524782,0.00284632040672351,-0.0105824561457547,4.71794268865763
"B_covariate_dependent",88,"G-sCAP(1.00) vs PL-sCAP(0.50)","gscap_x_l100","scap_x_l050",0.0311358435096573,0.0222951527695409,-0.0088406907401164,0.0187925370108468,0.00333733621665814,-0.0154552007941887,5.63099903361394
"B_covariate_dependent",89,"G-sCAP(1.00) vs PL-sCAP(0.50)","gscap_x_l100","scap_x_l050",0.00178484281795478,0.00119567599087217,-0.00058916682708261,0.00126601733435503,0.0012673351403232,1.31780596817005e-06,0.998960175626603
"B_covariate_dependent",90,"G-sCAP(1.00) vs PL-sCAP(0.50)","gscap_x_l100","scap_x_l050",0.00120018000486556,0.00102076893012262,-0.00017941107474294,0.00144431897925087,0.00132972096712564,-0.00011459801212523,1.08618199980177
"B_covariate_dependent",91,"G-sCAP(1.00) vs PL-sCAP(0.50)","gscap_x_l100","scap_x_l050",0.00523149159482872,0.00513652501031321,-9.49665845155099e-05,0.00258005265918986,0.00127324812304146,-0.0013068045361484,2.02635496766081
"B_covariate_dependent",92,"G-sCAP(1.00) vs PL-sCAP(0.50)","gscap_x_l100","scap_x_l050",0.0184076688748216,0.0172479663654572,-0.0011597025093644,0.00525361156642611,0.00149067332439173,-0.00376293824203438,3.52432117786092
"B_covariate_dependent",93,"G-sCAP(1.00) vs PL-sCAP(0.50)","gscap_x_l100","scap_x_l050",0.00549886908642171,0.00218181308458802,-0.00331705600183369,0.00282943870731777,0.00183275659461634,-0.00099668211270143,1.54381586492672
"B_covariate_dependent",94,"G-sCAP(1.00) vs PL-sCAP(0.50)","gscap_x_l100","scap_x_l050",0.000834471330997161,0.0032017511644304,0.00236727983343324,0.0045338162922874,0.00185151287349145,-0.00268230341879595,2.44870902989611
"B_covariate_dependent",95,"G-sCAP(1.00) vs PL-sCAP(0.50)","gscap_x_l100","scap_x_l050",0.00412964163922627,0.00222077317205181,-0.00190886846717446,0.00733809015611285,0.00172369857043871,-0.00561439158567414,4.25717714335934
"B_covariate_dependent",96,"G-sCAP(1.00) vs PL-sCAP(0.50)","gscap_x_l100","scap_x_l050",0.0252309810522838,0.0186807870762334,-0.0065501939760504,0.00991520287741895,0.00209894611961926,-0.00781625675779969,4.72389585646797
"B_covariate_dependent",97,"G-sCAP(1.00) vs PL-sCAP(0.50)","gscap_x_l100","scap_x_l050",0.0415908727835053,0.0219863642364979,-0.0196045085470074,0.0104467671137015,0.00476046272736437,-0.00568630438633713,2.19448564393767
"B_covariate_dependent",98,"G-sCAP(1.00) vs PL-sCAP(0.50)","gscap_x_l100","scap_x_l050",0.0425345299107258,0.0109476620060822,-0.0315868679046436,0.0111096460449391,0.00461886455501524,-0.00649078148992386,2.40527642943677
"B_covariate_dependent",99,"G-sCAP(1.00) vs PL-sCAP(0.50)","gscap_x_l100","scap_x_l050",0.0557323559697581,0.00329119656347194,-0.0524411594062862,0.0264400936521997,0.00513446617937768,-0.021305627472822,5.14953117393099
"B_covariate_dependent",100,"G-sCAP(1.00) vs PL-sCAP(0.50)","gscap_x_l100","scap_x_l050",0.0464601301207391,0.0277999429666139,-0.0186601871541252,0.0275458474913295,0.0063466318705057,-0.0211992156208238,4.34023085840878
"B_covariate_dependent",101,"G-sCAP(1.00) vs PL-sCAP(0.50)","gscap_x_l100","scap_x_l050",0.105326520793356,0.0338556988949047,-0.0714708218984513,0.0359355651763029,0.00787960919118862,-0.0280559559851143,4.56057709264158
"B_covariate_dependent",102,"G-sCAP(1.00) vs PL-sCAP(0.50)","gscap_x_l100","scap_x_l050",0.0987374652382498,0.00656119491042731,-0.0921762703278225,0.0344270235500583,0.00718122606078425,-0.027245797489274,4.79403144513997
"B_covariate_dependent",103,"G-sCAP(1.00) vs PL-sCAP(0.50)","gscap_x_l100","scap_x_l050",0.112166162085726,0.0131416708501871,-0.0990244912355389,0.0514921342389705,0.00785741299749118,-0.0436347212414793,6.55331904475577
"B_covariate_dependent",104,"G-sCAP(1.00) vs PL-sCAP(0.50)","gscap_x_l100","scap_x_l050",0.028847780228651,0.023855850457495,-0.004991929771156,0.0390174029181871,0.00925096433788789,-0.0297664385802992,4.21765791036389
"B_covariate_dependent",105,"G-sCAP(1.00) vs PL-sCAP(0.50)","gscap_x_l100","scap_x_l050",0.026959371682024,0.01387359301734,-0.013085778664684,0.00264803492406378,0.00168475721817334,-0.00096327770589044,1.57176054537689
"B_covariate_dependent",106,"G-sCAP(1.00) vs PL-sCAP(0.50)","gscap_x_l100","scap_x_l050",0.0264275917288315,0.00961585468267717,-0.0168117370461543,0.00274247157758005,0.00165188239930387,-0.00109058917827618,1.66020993911901
"B_covariate_dependent",107,"G-sCAP(1.00) vs PL-sCAP(0.50)","gscap_x_l100","scap_x_l050",0.0111389843956331,0.00155776119711328,-0.00958122319851982,0.00470536458010377,0.0016571695062516,-0.00304819507385217,2.83939848178052
"B_covariate_dependent",108,"G-sCAP(1.00) vs PL-sCAP(0.50)","gscap_x_l100","scap_x_l050",0.00989602737033498,0.0359112212364073,0.0260151938660723,0.00750925227451599,0.00328877515222658,-0.00422047712228941,2.28329755819033
"B_covariate_dependent",109,"G-sCAP(1.00) vs PL-sCAP(0.50)","gscap_x_l100","scap_x_l050",0.040787465476683,0.0156052573524184,-0.0251822081242646,0.00658038417892612,0.00239810945768502,-0.0041822747212411,2.74398825201182
"B_covariate_dependent",110,"G-sCAP(1.00) vs PL-sCAP(0.50)","gscap_x_l100","scap_x_l050",0.0517271633698488,0.0060369797242177,-0.0456901836456311,0.00941395848148081,0.00243501214982704,-0.00697894633165377,3.86608275533635
"B_covariate_dependent",111,"G-sCAP(1.00) vs PL-sCAP(0.50)","gscap_x_l100","scap_x_l050",0.0276673859045536,0.00174665152755725,-0.0259207343769964,0.0109893707119527,0.00251482469141487,-0.00847454602053783,4.36983569847565
"B_covariate_dependent",112,"G-sCAP(1.00) vs PL-sCAP(0.50)","gscap_x_l100","scap_x_l050",0.010526309517249,0.0282265918594958,0.0177002823422468,0.0126343784443063,0.00372316857545635,-0.00891120986884995,3.39344786255285
"B_covariate_dependent",113,"G-sCAP(1.00) vs PL-sCAP(0.50)","gscap_x_l100","scap_x_l050",0.0256883975628967,0.0139884699243504,-0.0116999276385463,0.00158922239599699,0.00107537436662853,-0.00051384802936846,1.47783176288594
"B_covariate_dependent",114,"G-sCAP(1.00) vs PL-sCAP(0.50)","gscap_x_l100","scap_x_l050",0.023022252682659,0.00833168341672598,-0.014690569265933,0.00155842806166681,0.000998250527974757,-0.000560177533692053,1.56115926612985
"B_covariate_dependent",115,"G-sCAP(1.00) vs PL-sCAP(0.50)","gscap_x_l100","scap_x_l050",0.00666805797855307,0.00434763062128526,-0.00232042735726781,0.00208393083584274,0.00103165894682349,-0.00105227188901925,2.01998038427256
"B_covariate_dependent",116,"G-sCAP(1.00) vs PL-sCAP(0.50)","gscap_x_l100","scap_x_l050",0.0145191438009494,0.0339424748059435,0.0194233310049941,0.00354350695965507,0.00232354012310014,-0.00121996683655493,1.52504659782987
"B_covariate_dependent",117,"G-sCAP(1.00) vs PL-sCAP(0.50)","gscap_x_l100","scap_x_l050",0.0317916038885752,0.0132958913370237,-0.0184957125515515,0.00355287616521261,0.00154938901121037,-0.00200348715400224,2.29308207267917
"B_covariate_dependent",118,"G-sCAP(1.00) vs PL-sCAP(0.50)","gscap_x_l100","scap_x_l050",0.037737844415633,0.00872163085227936,-0.0290162135633536,0.0049638096843912,0.00151519520356695,-0.00344861448082425,3.27601992977921
"B_covariate_dependent",119,"G-sCAP(1.00) vs PL-sCAP(0.50)","gscap_x_l100","scap_x_l050",0.0187967569232154,0.00119114210063775,-0.0176056148225777,0.00529608987753953,0.00152244844959987,-0.00377364142793966,3.47866614395479
"B_covariate_dependent",120,"G-sCAP(1.00) vs PL-sCAP(0.50)","gscap_x_l100","scap_x_l050",0.0152223803717137,0.0332964762937121,0.0180740959219984,0.00761670774610709,0.00279432947210584,-0.00482237827400125,2.72577297063222
"B_covariate_dependent",121,"G-sCAP(1.00) vs PL-sCAP(0.50)","gscap_x_l100","scap_x_l050",0.0574330078544254,0.0241576554482029,-0.0332753524062225,0.00832409811989871,0.00270494927787389,-0.00561914884202482,3.07735830316253
"B_covariate_dependent",122,"G-sCAP(1.00) vs PL-sCAP(0.50)","gscap_x_l100","scap_x_l050",0.0584703017661534,0.0127824122962148,-0.0456878894699386,0.0104197715316616,0.00288538797021137,-0.00753438356145023,3.61122027236368
"B_covariate_dependent",123,"G-sCAP(1.00) vs PL-sCAP(0.50)","gscap_x_l100","scap_x_l050",0.081044397384205,0.00567370601071866,-0.0753706913734863,0.0260724356535887,0.0040874319372827,-0.021985003716306,6.37868374413141
"B_covariate_dependent",124,"G-sCAP(1.00) vs PL-sCAP(0.50)","gscap_x_l100","scap_x_l050",0.0596698206042799,0.0364942106801208,-0.0231756099241591,0.0275175556478096,0.0067097443217791,-0.0208078113260305,4.10113326650773
"B_covariate_dependent",125,"G-sCAP(1.00) vs PL-sCAP(0.50)","gscap_x_l100","scap_x_l050",0.131432137650167,0.0267192831103776,-0.104712854539789,0.0363823254610171,0.00458409913818133,-0.0317982263228358,7.93663582839773
"B_covariate_dependent",126,"G-sCAP(1.00) vs PL-sCAP(0.50)","gscap_x_l100","scap_x_l050",0.123692334353411,0.0198291448423404,-0.103863189511071,0.0352511029816577,0.00485043339551313,-0.0304006695861446,7.26761922228776
"B_covariate_dependent",127,"G-sCAP(1.00) vs PL-sCAP(0.50)","gscap_x_l100","scap_x_l050",0.128866142648955,0.00201338277906195,-0.126852759869893,0.0489579103475894,0.00639720994467406,-0.0425607004029153,7.65300979192482
"B_covariate_dependent",128,"G-sCAP(1.00) vs PL-sCAP(0.50)","gscap_x_l100","scap_x_l050",0.0454208811564769,0.0400662913907257,-0.0053545897657512,0.0354854796096816,0.0100308337144242,-0.0254546458952574,3.53764010250254
"B_covariate_dependent",129,"G-sCAP(1.00) vs PL-sCAP(0.50)","gscap_x_l100","scap_x_l050",0.0239689141961321,0.0106995576754839,-0.0132693565206482,0.00135495999467667,0.000760843463507858,-0.000594116531168812,1.7808656572137
"B_covariate_dependent",130,"G-sCAP(1.00) vs PL-sCAP(0.50)","gscap_x_l100","scap_x_l050",0.023591290688366,0.00203616851382247,-0.0215551221745435,0.00172428888663679,0.000875276794524985,-0.000849012092111805,1.96999268965261
"B_covariate_dependent",131,"G-sCAP(1.00) vs PL-sCAP(0.50)","gscap_x_l100","scap_x_l050",0.0121991788835064,0.0132103254964789,0.0010111466129725,0.00337920124246108,0.00148333349430845,-0.00189586774815263,2.27811294993815
"B_covariate_dependent",132,"G-sCAP(1.00) vs PL-sCAP(0.50)","gscap_x_l100","scap_x_l050",0.00138423921943182,0.0418809861939202,0.0404967469744884,0.00664622918890064,0.0034708008447713,-0.00317542834412934,1.91489788269271
"B_covariate_dependent",133,"G-sCAP(1.00) vs PL-sCAP(0.50)","gscap_x_l100","scap_x_l050",0.0430617003930902,0.00581162323678474,-0.0372500771563055,0.00450774706347423,0.00115157917268727,-0.00335616789078696,3.91440481938829
"B_covariate_dependent",134,"G-sCAP(1.00) vs PL-sCAP(0.50)","gscap_x_l100","scap_x_l050",0.0419203074813279,0.0412771917643773,-0.000643115716950596,0.00526298071006822,0.00317561094840416,-0.00208736976166406,1.65731281179548
"B_covariate_dependent",135,"G-sCAP(1.00) vs PL-sCAP(0.50)","gscap_x_l100","scap_x_l050",0.0259978950185965,0.0224560869871924,-0.0035418080314041,0.00865971232392526,0.0025006161828283,-0.00615909614109696,3.46303138538069
"B_covariate_dependent",136,"G-sCAP(1.00) vs PL-sCAP(0.50)","gscap_x_l100","scap_x_l050",0.00785797817226774,0.0513244951266608,0.0434665169543931,0.0119889260984368,0.00527933736424392,-0.00670958873419288,2.27091494088554
"B_covariate_dependent",137,"G-sCAP(1.00) vs PL-sCAP(0.50)","gscap_x_l100","scap_x_l050",0.0194678206480487,0.00843829617507236,-0.0110295244729763,0.000791064570533194,0.000445471220673989,-0.000345593349859205,1.77579276465117
"B_covariate_dependent",138,"G-sCAP(1.00) vs PL-sCAP(0.50)","gscap_x_l100","scap_x_l050",0.0161787362305844,0.00218144343490018,-0.0139972927956842,0.000866442010098338,0.000543643437074865,-0.000322798573023473,1.5937689136106
"B_covariate_dependent",139,"G-sCAP(1.00) vs PL-sCAP(0.50)","gscap_x_l100","scap_x_l050",0.0018590514859154,0.0173014431652332,0.0154423916793178,0.00130585837560492,0.00104843215959283,-0.00025742621601209,1.24553445223586
"B_covariate_dependent",140,"G-sCAP(1.00) vs PL-sCAP(0.50)","gscap_x_l100","scap_x_l050",0.0144856032990345,0.0460019227248141,0.0315163194257796,0.00334797879839195,0.00309862964727118,-0.00024934915112077,1.08047078208922
"B_covariate_dependent",141,"G-sCAP(1.00) vs PL-sCAP(0.50)","gscap_x_l100","scap_x_l050",0.0255302803179656,0.00229991955636756,-0.023230360761598,0.00174772474611179,0.000622809653472246,-0.00112491509263954,2.80619405362135
"B_covariate_dependent",142,"G-sCAP(1.00) vs PL-sCAP(0.50)","gscap_x_l100","scap_x_l050",0.0301711230854055,0.0418411847893409,0.0116700617039354,0.00301269835811276,0.0027011520901923,-0.00031154626792046,1.11533829177989
"B_covariate_dependent",143,"G-sCAP(1.00) vs PL-sCAP(0.50)","gscap_x_l100","scap_x_l050",0.00774988360836328,0.0228328414700445,0.0150829578616812,0.00335778729366647,0.0015765364463231,-0.00178125084734337,2.12985072530211
"B_covariate_dependent",144,"G-sCAP(1.00) vs PL-sCAP(0.50)","gscap_x_l100","scap_x_l050",0.0193948503684145,0.0568965739179959,0.0375017235495814,0.00698148426950684,0.00479646875053208,-0.00218501551897476,1.45554670167139
"C_nonlinear_observability",145,"G-sCAP(0.50) vs IPCW-X","gscap_x_l050","ipcw_x",0.00901691731107933,0.00541925910019458,-0.00359765821088475,0.0175251922507707,0.0200584343848681,0.0025332421340974,0.873706886315691
"C_nonlinear_observability",146,"G-sCAP(0.50) vs IPCW-X","gscap_x_l050","ipcw_x",0.00210760781005461,0.00598411035613267,0.00387650254607806,0.0213440637509616,0.0232089135690937,0.0018648498181321,0.919649413464341
"C_nonlinear_observability",147,"G-sCAP(0.50) vs IPCW-X","gscap_x_l050","ipcw_x",0.00802564010967474,0.0104620768041526,0.00243643669447786,0.0281520646774478,0.0319493741686316,0.0037973094911838,0.881146044641085
"C_nonlinear_observability",148,"G-sCAP(0.50) vs IPCW-X","gscap_x_l050","ipcw_x",0.0232252783847066,0.0195753981737267,-0.0036498802109799,0.0232993116638032,0.023251431414116,-4.78802496871981e-05,1.00205923879844
"C_nonlinear_observability",149,"G-sCAP(0.50) vs IPCW-X","gscap_x_l050","ipcw_x",0.00306366963597019,0.0054833592412962,0.00241968960532601,0.00491909245293715,0.0051789005190459,0.00025980806610875,0.949833354559857
"C_nonlinear_observability",150,"G-sCAP(0.50) vs IPCW-X","gscap_x_l050","ipcw_x",0.0133022073805938,0.0185604089793292,0.0052582015987354,0.0078253803187971,0.0081845953393044,0.0003592150205073,0.956110839251604
"C_nonlinear_observability",151,"G-sCAP(0.50) vs IPCW-X","gscap_x_l050","ipcw_x",0.0137032363722061,0.019023182189736,0.0053199458175299,0.0137842895348789,0.0163996983717715,0.0026154088368926,0.840520918275274
"C_nonlinear_observability",152,"G-sCAP(0.50) vs IPCW-X","gscap_x_l050","ipcw_x",0.0429029128991575,0.0447351686873913,0.0018322557882338,0.0133268867862028,0.0158865935863542,0.0025597068001514,0.838876296152621
"C_nonlinear_observability",153,"G-sCAP(0.50) vs IPCW-X","gscap_x_l050","ipcw_x",0.00711022794433717,0.00927496395411259,0.00216473600977542,0.00175397006843498,0.00196028398470701,0.00020631391627203,0.894753047067889
"C_nonlinear_observability",154,"G-sCAP(0.50) vs IPCW-X","gscap_x_l050","ipcw_x",0.01117331765021,0.01079920755348,-0.000374110096730001,0.00407288166111654,0.00521475046219095,0.00114186880107441,0.781030979458476
"C_nonlinear_observability",155,"G-sCAP(0.50) vs IPCW-X","gscap_x_l050","ipcw_x",0.0131306783907966,0.0191792225531907,0.0060485441623941,0.00808916759950701,0.011137079093219,0.00304791149371199,0.726327570433817
"C_nonlinear_observability",156,"G-sCAP(0.50) vs IPCW-X","gscap_x_l050","ipcw_x",0.0502113726893609,0.0488668066626585,-0.0013445660267024,0.00900614650869462,0.0111823194464003,0.00217617293770568,0.805391632019043
"C_nonlinear_observability",157,"G-sCAP(0.50) vs IPCW-X","gscap_x_l050","ipcw_x",0.00993025538891174,0.013698529530502,0.00376827414159026,0.0254060842642803,0.0246525880571639,-0.0007534962071164,1.03056458840626
"C_nonlinear_observability",158,"G-sCAP(0.50) vs IPCW-X","gscap_x_l050","ipcw_x",0.0199646431900129,0.0188600686015762,-0.0011045745884367,0.0295550313700141,0.0288784362725435,-0.000676595097470603,1.02342907666763
"C_nonlinear_observability",159,"G-sCAP(0.50) vs IPCW-X","gscap_x_l050","ipcw_x",0.0371827682515845,0.0271090276692344,-0.0100737405823501,0.0419667640966258,0.0415526553788127,-0.000414108717813104,1.00996587857113
"C_nonlinear_observability",160,"G-sCAP(0.50) vs IPCW-X","gscap_x_l050","ipcw_x",0.0222779954702647,0.00563590380988177,-0.0166420916603829,0.0424062444987484,0.0384981075422776,-0.0039081369564708,1.10151504076347
"C_nonlinear_observability",161,"G-sCAP(0.50) vs IPCW-X","gscap_x_l050","ipcw_x",0.0100663306154607,0.0115287429836753,0.0014624123682146,0.00698819161180188,0.00770299192220084,0.00071480031039896,0.907204847464681
"C_nonlinear_observability",162,"G-sCAP(0.50) vs IPCW-X","gscap_x_l050","ipcw_x",0.00187769068585327,6.92131300126395e-05,-0.00180847755584063,0.0102140467583747,0.0120636260428943,0.0018495792845196,0.846681314727172
"C_nonlinear_observability",163,"G-sCAP(0.50) vs IPCW-X","gscap_x_l050","ipcw_x",0.00922347649761017,0.00730780806517517,-0.001915668432435,0.0175134489334389,0.0220757239003302,0.0045622749668913,0.793335204431368
"C_nonlinear_observability",164,"G-sCAP(0.50) vs IPCW-X","gscap_x_l050","ipcw_x",0.0111971915369172,0.00516292328919983,-0.00603426824771737,0.0163996387230708,0.0199322094771598,0.003532570754089,0.822770739082541
"C_nonlinear_observability",165,"G-sCAP(0.50) vs IPCW-X","gscap_x_l050","ipcw_x",0.00536793294228938,0.00405300440442589,-0.00131492853786349,0.00331619863078757,0.00379837812983661,0.00048217949904904,0.873056477642003
"C_nonlinear_observability",166,"G-sCAP(0.50) vs IPCW-X","gscap_x_l050","ipcw_x",0.00196296322884561,0.00115220128417561,-0.00081076194467,0.00513152849228994,0.00632656811488227,0.00119503962259233,0.811107760022186
"C_nonlinear_observability",167,"G-sCAP(0.50) vs IPCW-X","gscap_x_l050","ipcw_x",0.00514551651388186,0.000848388751776633,-0.00429712776210523,0.00961533438765158,0.0123926936991247,0.00277735931147312,0.775887359205103
"C_nonlinear_observability",168,"G-sCAP(0.50) vs IPCW-X","gscap_x_l050","ipcw_x",0.0138964998046669,0.00463409366114581,-0.00926240614352109,0.00954082565651615,0.0122440404306608,0.00270321477414465,0.779221998697798
"C_nonlinear_observability",169,"G-sCAP(0.50) vs IPCW-X","gscap_x_l050","ipcw_x",0.0731836531150174,0.0483839273292866,-0.0247997257857308,0.0277287258534409,0.0226332049908535,-0.0050955208625874,1.22513474625651
"C_nonlinear_observability",170,"G-sCAP(0.50) vs IPCW-X","gscap_x_l050","ipcw_x",0.0817886134511895,0.0430513210801183,-0.0387372923710712,0.0288565055542409,0.0192362245638076,-0.0096202809904333,1.50011274086151
"C_nonlinear_observability",171,"G-sCAP(0.50) vs IPCW-X","gscap_x_l050","ipcw_x",0.12758881595666,0.0962744101029769,-0.0313144058536831,0.0518484542258513,0.0469671441216208,-0.0048813101042305,1.10393031544755
"C_nonlinear_observability",172,"G-sCAP(0.50) vs IPCW-X","gscap_x_l050","ipcw_x",0.0984448918755135,0.0641544535152463,-0.0342904383602672,0.0401935438219535,0.0325909414312084,-0.0076026023907451,1.23327348204385
"C_nonlinear_observability",173,"G-sCAP(0.50) vs IPCW-X","gscap_x_l050","ipcw_x",0.00818954710711738,0.00673046230623786,-0.00145908480087952,0.0034734512997885,0.00380960699619762,0.00033615569640912,0.911761056522461
"C_nonlinear_observability",174,"G-sCAP(0.50) vs IPCW-X","gscap_x_l050","ipcw_x",0.0180083403124607,0.004231287861095,-0.0137770524513657,0.00520802305395917,0.00551748042523548,0.00030945737127631,0.943913281529567
"C_nonlinear_observability",175,"G-sCAP(0.50) vs IPCW-X","gscap_x_l050","ipcw_x",0.0340799870809484,0.0104444323435938,-0.0236355547373546,0.0105817160883331,0.0103006402303658,-0.0002810758579673,1.02728722212224
"C_nonlinear_observability",176,"G-sCAP(0.50) vs IPCW-X","gscap_x_l050","ipcw_x",0.0372773312075754,0.0086162244349471,-0.0286611067726283,0.01191692574624,0.0107723856533696,-0.0011445400928704,1.10624759730101
"C_nonlinear_observability",177,"G-sCAP(0.50) vs IPCW-X","gscap_x_l050","ipcw_x",0.00231094036256283,0.00969305991564888,0.00738211955308605,0.00155083883950317,0.00172216356617242,0.00017132472666925,0.900517738248274
"C_nonlinear_observability",178,"G-sCAP(0.50) vs IPCW-X","gscap_x_l050","ipcw_x",0.011166027013722,0.00237869533995258,-0.00878733167376942,0.00248956560439862,0.00271832500101833,0.00022875939661971,0.91584545757626
"C_nonlinear_observability",179,"G-sCAP(0.50) vs IPCW-X","gscap_x_l050","ipcw_x",0.0179463098655206,0.00166197112633668,-0.0162843387391839,0.00496185773171085,0.0056351629746316,0.00067330524292075,0.880517165882897
"C_nonlinear_observability",180,"G-sCAP(0.50) vs IPCW-X","gscap_x_l050","ipcw_x",0.0202770718028508,0.00152493253633584,-0.018752139266515,0.0055750926378517,0.00692127735011787,0.00134618471226617,0.80550053925476
"C_nonlinear_observability",181,"G-sCAP(0.50) vs IPCW-X","gscap_x_l050","ipcw_x",0.114848952012367,0.0834917536958246,-0.0313571983165424,0.0358546329608735,0.0248591826179324,-0.0109954503429411,1.44230940783264
"C_nonlinear_observability",182,"G-sCAP(0.50) vs IPCW-X","gscap_x_l050","ipcw_x",0.108675846934016,0.0785522483492168,-0.0301235985847992,0.0284900188387808,0.0202393361579791,-0.0082506826808017,1.40765579544707
"C_nonlinear_observability",183,"G-sCAP(0.50) vs IPCW-X","gscap_x_l050","ipcw_x",0.167649025762314,0.125279715642806,-0.042369310119508,0.0542281340466746,0.0409271260718299,-0.0133010079748447,1.32499247446548
"C_nonlinear_observability",184,"G-sCAP(0.50) vs IPCW-X","gscap_x_l050","ipcw_x",0.148792206018962,0.111749519063271,-0.037042686955691,0.0425170014832342,0.0368777541266452,-0.005639247356589,1.15291732075719
"C_nonlinear_observability",185,"G-sCAP(0.50) vs IPCW-X","gscap_x_l050","ipcw_x",0.0180741361750124,0.00587408995796634,-0.0122000462170461,0.00213913227279788,0.00194326750240372,-0.00019586477039416,1.10079146085235
"C_nonlinear_observability",186,"G-sCAP(0.50) vs IPCW-X","gscap_x_l050","ipcw_x",0.0241656719413195,0.0143207200637373,-0.0098449518775822,0.00291000061265686,0.00233973673473514,-0.00057026387792172,1.2437299331398
"C_nonlinear_observability",187,"G-sCAP(0.50) vs IPCW-X","gscap_x_l050","ipcw_x",0.039963041401496,0.0257026533327141,-0.0142603880687819,0.00566895769856868,0.00572989511337336,6.09374148046798e-05,0.989365003442654
"C_nonlinear_observability",188,"G-sCAP(0.50) vs IPCW-X","gscap_x_l050","ipcw_x",0.0389285693579073,0.0243452491210215,-0.0145833202368858,0.00545679160017483,0.00610522397923425,0.00064843237905942,0.893790566690929
"C_nonlinear_observability",189,"G-sCAP(0.50) vs IPCW-X","gscap_x_l050","ipcw_x",0.0070625344571239,0.00298696127994608,-0.00407557317717782,0.000746330850436218,0.000614179031956708,-0.00013215181847951,1.21516823532462
"C_nonlinear_observability",190,"G-sCAP(0.50) vs IPCW-X","gscap_x_l050","ipcw_x",0.0109214062321017,0.00365906342929224,-0.00726234280280946,0.000931471925102756,0.000905151292644454,-2.6320632458302e-05,1.02907871056716
"C_nonlinear_observability",191,"G-sCAP(0.50) vs IPCW-X","gscap_x_l050","ipcw_x",0.0211545371417395,0.00909948849301989,-0.0120550486487196,0.00231564373151407,0.00223319952580757,-8.24442057064997e-05,1.03691752785801
"C_nonlinear_observability",192,"G-sCAP(0.50) vs IPCW-X","gscap_x_l050","ipcw_x",0.0223975741484439,0.00746299464132804,-0.0149345795071159,0.00232069789642685,0.00258667367255393,0.00026597577612708,0.897174591851599
"C_nonlinear_observability",145,"G-sCAP(1.00) vs IPCW-X","gscap_x_l100","ipcw_x",0.0165964029453556,0.00541925910019458,-0.011177143845161,0.0188943984746269,0.0200584343848681,0.0011640359102412,0.941967758404946
"C_nonlinear_observability",146,"G-sCAP(1.00) vs IPCW-X","gscap_x_l100","ipcw_x",0.00526660036809757,0.00598411035613267,0.0007175099880351,0.0213335071462408,0.0232089135690937,0.0018754064228529,0.919194562155193
"C_nonlinear_observability",147,"G-sCAP(1.00) vs IPCW-X","gscap_x_l100","ipcw_x",0.0128017610228955,0.0104620768041526,-0.0023396842187429,0.0281048538525272,0.0319493741686316,0.0038445203161044,0.879668368594243
"C_nonlinear_observability",148,"G-sCAP(1.00) vs IPCW-X","gscap_x_l100","ipcw_x",0.0123698762043351,0.0195753981737267,0.0072055219693916,0.0247729539353832,0.023251431414116,-0.0015215225212672,1.06543780011511
"C_nonlinear_observability",149,"G-sCAP(1.00) vs IPCW-X","gscap_x_l100","ipcw_x",0.00354280016691729,0.0054833592412962,0.00194055907437891,0.0045610652589422,0.0051789005190459,0.0006178352601037,0.880701462051346
"C_nonlinear_observability",150,"G-sCAP(1.00) vs IPCW-X","gscap_x_l100","ipcw_x",0.0092487218755617,0.0185604089793292,0.0093116871037675,0.0074806454181417,0.0081845953393044,0.0007039499211627,0.913990870412107
"C_nonlinear_observability",151,"G-sCAP(1.00) vs IPCW-X","gscap_x_l100","ipcw_x",0.0134499860745517,0.019023182189736,0.0055731961151843,0.0145188854138768,0.0163996983717715,0.0018808129578947,0.885314173757481
"C_nonlinear_observability",152,"G-sCAP(1.00) vs IPCW-X","gscap_x_l100","ipcw_x",0.0346378217318005,0.0447351686873913,0.0100973469555908,0.0131552629028323,0.0158865935863542,0.0027313306835219,0.828073232397159
"C_nonlinear_observability",153,"G-sCAP(1.00) vs IPCW-X","gscap_x_l100","ipcw_x",0.00455605444817856,0.00927496395411259,0.00471890950593403,0.00166077628156165,0.00196028398470701,0.00029950770314536,0.847212084839776
"C_nonlinear_observability",154,"G-sCAP(1.00) vs IPCW-X","gscap_x_l100","ipcw_x",0.00903333374045073,0.01079920755348,0.00176587381302927,0.0042495786613793,0.00521475046219095,0.00096517180081165,0.814915055320569
"C_nonlinear_observability",155,"G-sCAP(1.00) vs IPCW-X","gscap_x_l100","ipcw_x",0.0114882742139522,0.0191792225531907,0.0076909483392385,0.00785307259006099,0.011137079093219,0.00328400650315801,0.705128564171055
"C_nonlinear_observability",156,"G-sCAP(1.00) vs IPCW-X","gscap_x_l100","ipcw_x",0.0473333073856546,0.0488668066626585,0.00153349927700391,0.0094672653399404,0.0111823194464003,0.0017150541064599,0.84662805291151
"C_nonlinear_observability",157,"G-sCAP(1.00) vs IPCW-X","gscap_x_l100","ipcw_x",0.0124755919845024,0.013698529530502,0.0012229375459996,0.0271239229744247,0.0246525880571639,-0.0024713349172608,1.10024646951997
"C_nonlinear_observability",158,"G-sCAP(1.00) vs IPCW-X","gscap_x_l100","ipcw_x",0.0261943914787629,0.0188600686015762,-0.0073343228771867,0.0312117715488093,0.0288784362725435,-0.0023333352762658,1.08079853265754
"C_nonlinear_observability",159,"G-sCAP(1.00) vs IPCW-X","gscap_x_l100","ipcw_x",0.0476897171157526,0.0271090276692344,-0.0205806894465182,0.0438816207590583,0.0415526553788127,-0.0023289653802456,1.05604853309647
"C_nonlinear_observability",160,"G-sCAP(1.00) vs IPCW-X","gscap_x_l100","ipcw_x",0.0280895579508629,0.00563590380988177,-0.0224536541409811,0.0461317711599133,0.0384981075422776,-0.0076336636176357,1.198286723815
"C_nonlinear_observability",161,"G-sCAP(1.00) vs IPCW-X","gscap_x_l100","ipcw_x",0.0120806865041855,0.0115287429836753,-0.0005519435205102,0.00697088662722897,0.00770299192220084,0.00073210529497187,0.904958319784568
"C_nonlinear_observability",162,"G-sCAP(1.00) vs IPCW-X","gscap_x_l100","ipcw_x",0.00190214207627783,6.92131300126395e-05,-0.00183292894626519,0.00920048550615859,0.0120636260428943,0.00286314053673571,0.762663354570564
"C_nonlinear_observability",163,"G-sCAP(1.00) vs IPCW-X","gscap_x_l100","ipcw_x",0.00839768982344742,0.00730780806517517,-0.00108988175827225,0.0171262586331891,0.0220757239003302,0.0049494652671411,0.775796015139188
"C_nonlinear_observability",164,"G-sCAP(1.00) vs IPCW-X","gscap_x_l100","ipcw_x",0.0153140323761934,0.00516292328919983,-0.0101511090869936,0.0169758880175538,0.0199322094771598,0.002956321459606,0.851681196558082
"C_nonlinear_observability",165,"G-sCAP(1.00) vs IPCW-X","gscap_x_l100","ipcw_x",0.00182200456494263,0.00405300440442589,0.00223099983948326,0.00260515373758318,0.00379837812983661,0.00119322439225343,0.685859503328396
"C_nonlinear_observability",166,"G-sCAP(1.00) vs IPCW-X","gscap_x_l100","ipcw_x",0.000890309046699198,0.00115220128417561,0.000261892237476412,0.00491635696634845,0.00632656811488227,0.00141021114853382,0.777096978499841
"C_nonlinear_observability",167,"G-sCAP(1.00) vs IPCW-X","gscap_x_l100","ipcw_x",0.00503207974534649,0.000848388751776633,-0.00418369099356986,0.00923540920896787,0.0123926936991247,0.00315728449015683,0.745230168128836
"C_nonlinear_observability",168,"G-sCAP(1.00) vs IPCW-X","gscap_x_l100","ipcw_x",0.0139824803666528,0.00463409366114581,-0.00934838670550699,0.00946994663050253,0.0122440404306608,0.00277409380015827,0.773433139504216
"C_nonlinear_observability",169,"G-sCAP(1.00) vs IPCW-X","gscap_x_l100","ipcw_x",0.0952387239243413,0.0483839273292866,-0.0468547965950547,0.0346769374078073,0.0226332049908535,-0.0120437324169538,1.53212668828038
"C_nonlinear_observability",170,"G-sCAP(1.00) vs IPCW-X","gscap_x_l100","ipcw_x",0.103907528124131,0.0430513210801183,-0.0608562070440127,0.0368184645460159,0.0192362245638076,-0.0175822399822083,1.91401719312888
"C_nonlinear_observability",171,"G-sCAP(1.00) vs IPCW-X","gscap_x_l100","ipcw_x",0.170194923186526,0.0962744101029769,-0.0739205130835491,0.0737870394585187,0.0469671441216208,-0.0268198953368979,1.5710352596157
"C_nonlinear_observability",172,"G-sCAP(1.00) vs IPCW-X","gscap_x_l100","ipcw_x",0.13263062851468,0.0641544535152463,-0.0684761749994337,0.0574544853920558,0.0325909414312084,-0.0248635439608474,1.76289738402704
"C_nonlinear_observability",173,"G-sCAP(1.00) vs IPCW-X","gscap_x_l100","ipcw_x",0.0203995481240871,0.00673046230623786,-0.0136690858178492,0.00432969378339672,0.00380960699619762,-0.0005200867871991,1.13651980052488
"C_nonlinear_observability",174,"G-sCAP(1.00) vs IPCW-X","gscap_x_l100","ipcw_x",0.0295788524200998,0.004231287861095,-0.0253475645590048,0.00738169446617495,0.00551748042523548,-0.00186421404093947,1.33787415582175
"C_nonlinear_observability",175,"G-sCAP(1.00) vs IPCW-X","gscap_x_l100","ipcw_x",0.0610384650313997,0.0104444323435938,-0.0505940326878059,0.0133637934519156,0.0103006402303658,-0.0030631532215498,1.29737503233243
"C_nonlinear_observability",176,"G-sCAP(1.00) vs IPCW-X","gscap_x_l100","ipcw_x",0.0598727036972728,0.0086162244349471,-0.0512564792623257,0.0140890528961792,0.0107723856533696,-0.0033166672428096,1.30788604767154
"C_nonlinear_observability",177,"G-sCAP(1.00) vs IPCW-X","gscap_x_l100","ipcw_x",0.0151693451369884,0.00969305991564888,-0.00547628522133952,0.00177907094731411,0.00172216356617242,-5.690738114169e-05,1.03304412092991
"C_nonlinear_observability",178,"G-sCAP(1.00) vs IPCW-X","gscap_x_l100","ipcw_x",0.0240560737258018,0.00237869533995258,-0.0216773783858492,0.00313215325715842,0.00271832500101833,-0.00041382825614009,1.15223648974463
"C_nonlinear_observability",179,"G-sCAP(1.00) vs IPCW-X","gscap_x_l100","ipcw_x",0.039632009919991,0.00166197112633668,-0.0379700387936543,0.00656923535844335,0.0056351629746316,-0.00093407238381175,1.16575782954579
"C_nonlinear_observability",180,"G-sCAP(1.00) vs IPCW-X","gscap_x_l100","ipcw_x",0.0398491209623799,0.00152493253633584,-0.0383241884260441,0.0072429082734034,0.00692127735011787,-0.00032163092328553,1.04646987933232
"C_nonlinear_observability",181,"G-sCAP(1.00) vs IPCW-X","gscap_x_l100","ipcw_x",0.125642682181647,0.0834917536958246,-0.0421509284858224,0.0359669685669106,0.0248591826179324,-0.0111077859489782,1.44682828553524
"C_nonlinear_observability",182,"G-sCAP(1.00) vs IPCW-X","gscap_x_l100","ipcw_x",0.133119286780278,0.0785522483492168,-0.0545670384310612,0.0384106984004176,0.0202393361579791,-0.0181713622424385,1.89782402449374
"C_nonlinear_observability",183,"G-sCAP(1.00) vs IPCW-X","gscap_x_l100","ipcw_x",0.206750661324569,0.125279715642806,-0.081470945681763,0.0768721510769684,0.0409271260718299,-0.0359450250051385,1.87826897354221
"C_nonlinear_observability",184,"G-sCAP(1.00) vs IPCW-X","gscap_x_l100","ipcw_x",0.189035947403991,0.111749519063271,-0.07728642834072,0.0673749599749359,0.0368777541266452,-0.0304972058482907,1.82698110474834
"C_nonlinear_observability",185,"G-sCAP(1.00) vs IPCW-X","gscap_x_l100","ipcw_x",0.0306696000355703,0.00587408995796634,-0.024795510077604,0.00363383886881687,0.00194326750240372,-0.00169057136641315,1.86996327799544
"C_nonlinear_observability",186,"G-sCAP(1.00) vs IPCW-X","gscap_x_l100","ipcw_x",0.0399422240589364,0.0143207200637373,-0.0256215039951991,0.00503908904339897,0.00233973673473514,-0.00269935230866383,2.1536991613586
"C_nonlinear_observability",187,"G-sCAP(1.00) vs IPCW-X","gscap_x_l100","ipcw_x",0.057150099159584,0.0257026533327141,-0.0314474458268699,0.00777866455867406,0.00572989511337336,-0.0020487694453007,1.35755793164851
"C_nonlinear_observability",188,"G-sCAP(1.00) vs IPCW-X","gscap_x_l100","ipcw_x",0.057928631689432,0.0243452491210215,-0.0335833825684105,0.00824146148374549,0.00610522397923425,-0.00213623750451124,1.34990321596345
"C_nonlinear_observability",189,"G-sCAP(1.00) vs IPCW-X","gscap_x_l100","ipcw_x",0.0164500995888238,0.00298696127994608,-0.0134631383088777,0.00136433972422746,0.000614179031956708,-0.000750160692270752,2.22140394451569
"C_nonlinear_observability",190,"G-sCAP(1.00) vs IPCW-X","gscap_x_l100","ipcw_x",0.0195604011580479,0.00365906342929224,-0.0159013377287557,0.00128865086605411,0.000905151292644454,-0.000383499573409656,1.42368560540773
"C_nonlinear_observability",191,"G-sCAP(1.00) vs IPCW-X","gscap_x_l100","ipcw_x",0.0372123394124234,0.00909948849301989,-0.0281128509194035,0.00352144577316916,0.00223319952580757,-0.00128824624736159,1.57686123988215
"C_nonlinear_observability",192,"G-sCAP(1.00) vs IPCW-X","gscap_x_l100","ipcw_x",0.0380424569404567,0.00746299464132804,-0.0305794622991287,0.00340973666234155,0.00258667367255393,-0.00082306298978762,1.31819359299968
"C_nonlinear_observability",145,"G-sCAP(0.50) vs PL-sCAP(0.50)","gscap_x_l050","scap_x_l050",0.00901691731107933,0.0374273287638442,0.0284104114527649,0.0175251922507707,0.00564036125635024,-0.0118848309944205,3.10710457260869
"C_nonlinear_observability",146,"G-sCAP(0.50) vs PL-sCAP(0.50)","gscap_x_l050","scap_x_l050",0.00210760781005461,0.0544503692793156,0.052342761469261,0.0213440637509616,0.00701878782746533,-0.0143252759234963,3.04099002215736
"C_nonlinear_observability",147,"G-sCAP(0.50) vs PL-sCAP(0.50)","gscap_x_l050","scap_x_l050",0.00802564010967474,0.0630124983092209,0.0549868581995462,0.0281520646774478,0.010385708663352,-0.0177663560140958,2.71065418740156
"C_nonlinear_observability",148,"G-sCAP(0.50) vs PL-sCAP(0.50)","gscap_x_l050","scap_x_l050",0.0232252783847066,0.0755281371950737,0.0523028588103671,0.0232993116638032,0.0109946383451354,-0.0123046733186678,2.11915216602937
"C_nonlinear_observability",149,"G-sCAP(0.50) vs PL-sCAP(0.50)","gscap_x_l050","scap_x_l050",0.00306366963597019,0.0382270192357162,0.035163349599746,0.00491909245293715,0.00289897758312912,-0.00202011486980803,1.69683700955961
"C_nonlinear_observability",150,"G-sCAP(0.50) vs PL-sCAP(0.50)","gscap_x_l050","scap_x_l050",0.0133022073805938,0.0609577196812622,0.0476555123006684,0.0078253803187971,0.00503083143517397,-0.00279454888362313,1.55548449985514
"C_nonlinear_observability",151,"G-sCAP(0.50) vs PL-sCAP(0.50)","gscap_x_l050","scap_x_l050",0.0137032363722061,0.073151863328171,0.0594486269559649,0.0137842895348789,0.00740094860856997,-0.00638334092630893,1.86250307412178
"C_nonlinear_observability",152,"G-sCAP(0.50) vs PL-sCAP(0.50)","gscap_x_l050","scap_x_l050",0.0429029128991575,0.0808538547426522,0.0379509418434947,0.0133268867862028,0.00817161762685986,-0.00515526915934294,1.63087498641612
"C_nonlinear_observability",153,"G-sCAP(0.50) vs PL-sCAP(0.50)","gscap_x_l050","scap_x_l050",0.00711022794433717,0.0432761943991256,0.0361659664547884,0.00175397006843498,0.00269802674940068,0.0009440566809657,0.650093654121329
"C_nonlinear_observability",154,"G-sCAP(0.50) vs PL-sCAP(0.50)","gscap_x_l050","scap_x_l050",0.01117331765021,0.0610755989692298,0.0499022813190198,0.00407288166111654,0.00457094914937423,0.00049806748825769,0.891036309531932
"C_nonlinear_observability",155,"G-sCAP(0.50) vs PL-sCAP(0.50)","gscap_x_l050","scap_x_l050",0.0131306783907966,0.073952662435841,0.0608219840450444,0.00808916759950701,0.00662584638836016,-0.00146332121114685,1.22085045824749
"C_nonlinear_observability",156,"G-sCAP(0.50) vs PL-sCAP(0.50)","gscap_x_l050","scap_x_l050",0.0502113726893609,0.0838223382944902,0.0336109656051293,0.00900614650869462,0.0080486654294706,-0.000957481079224021,1.11896147101831
"C_nonlinear_observability",157,"G-sCAP(0.50) vs PL-sCAP(0.50)","gscap_x_l050","scap_x_l050",0.00993025538891174,0.0156267045705864,0.00569644918167466,0.0254060842642803,0.00688820923545176,-0.0185178750288285,3.68834386352871
"C_nonlinear_observability",158,"G-sCAP(0.50) vs PL-sCAP(0.50)","gscap_x_l050","scap_x_l050",0.0199646431900129,0.01170839698275,-0.0082562462072629,0.0295550313700141,0.00666154217032534,-0.0228934891996888,4.43666505657964
"C_nonlinear_observability",159,"G-sCAP(0.50) vs PL-sCAP(0.50)","gscap_x_l050","scap_x_l050",0.0371827682515845,0.0188978843068365,-0.018284883944748,0.0419667640966258,0.010287647941694,-0.0316791161549318,4.07933517306147
"C_nonlinear_observability",160,"G-sCAP(0.50) vs PL-sCAP(0.50)","gscap_x_l050","scap_x_l050",0.0222779954702647,0.0153079815332193,-0.0069700139370454,0.0424062444987484,0.0112566224905989,-0.0311496220081495,3.76722631803318
"C_nonlinear_observability",161,"G-sCAP(0.50) vs PL-sCAP(0.50)","gscap_x_l050","scap_x_l050",0.0100663306154607,0.00490970140968784,-0.00515662920577286,0.00698819161180188,0.00223442250637587,-0.00475376910542601,3.12751576385453
"C_nonlinear_observability",162,"G-sCAP(0.50) vs PL-sCAP(0.50)","gscap_x_l050","scap_x_l050",0.00187769068585327,0.0152143471147913,0.013336656428938,0.0102140467583747,0.00251931988547409,-0.00769472687290061,4.05428735638809
"C_nonlinear_observability",163,"G-sCAP(0.50) vs PL-sCAP(0.50)","gscap_x_l050","scap_x_l050",0.00922347649761017,0.013415560429259,0.00419208393164883,0.0175134489334389,0.00365755259288219,-0.0138558963405567,4.78829722572441
"C_nonlinear_observability",164,"G-sCAP(0.50) vs PL-sCAP(0.50)","gscap_x_l050","scap_x_l050",0.0111971915369172,0.0169549720775786,0.0057577805406614,0.0163996387230708,0.00313833915561066,-0.0132612995674601,5.22557885235312
"C_nonlinear_observability",165,"G-sCAP(0.50) vs PL-sCAP(0.50)","gscap_x_l050","scap_x_l050",0.00536793294228938,0.00882551219430102,0.00345757925201164,0.00331619863078757,0.00143921038677266,-0.00187698824401491,2.30417919524882
"C_nonlinear_observability",166,"G-sCAP(0.50) vs PL-sCAP(0.50)","gscap_x_l050","scap_x_l050",0.00196296322884561,0.0152747269100302,0.0133117636811846,0.00513152849228994,0.00169807482891368,-0.00343345366337626,3.02196841088138
"C_nonlinear_observability",167,"G-sCAP(0.50) vs PL-sCAP(0.50)","gscap_x_l050","scap_x_l050",0.00514551651388186,0.0173824791915237,0.0122369626776418,0.00961533438765158,0.00238113290492783,-0.00723420148272375,4.03813427119181
"C_nonlinear_observability",168,"G-sCAP(0.50) vs PL-sCAP(0.50)","gscap_x_l050","scap_x_l050",0.0138964998046669,0.0185060250718153,0.0046095252671484,0.00954082565651615,0.0023199255238618,-0.00722090013265435,4.11255687235781
"C_nonlinear_observability",169,"G-sCAP(0.50) vs PL-sCAP(0.50)","gscap_x_l050","scap_x_l050",0.0731836531150174,0.0140865938421232,-0.0590970592728942,0.0277287258534409,0.00412765789433379,-0.0236010679591071,6.7177868329411
"C_nonlinear_observability",170,"G-sCAP(0.50) vs PL-sCAP(0.50)","gscap_x_l050","scap_x_l050",0.0817886134511895,0.00938012523823674,-0.0724084882129528,0.0288565055542409,0.00396495670078144,-0.0248915488534595,7.27788667870034
"C_nonlinear_observability",171,"G-sCAP(0.50) vs PL-sCAP(0.50)","gscap_x_l050","scap_x_l050",0.12758881595666,0.0330151157114919,-0.0945737002451681,0.0518484542258513,0.00737175887630209,-0.0444766953495492,7.03338987287389
"C_nonlinear_observability",172,"G-sCAP(0.50) vs PL-sCAP(0.50)","gscap_x_l050","scap_x_l050",0.0984448918755135,0.0162393586350524,-0.0822055332404611,0.0401935438219535,0.00636548539616572,-0.0338280584257878,6.31429361948804
"C_nonlinear_observability",173,"G-sCAP(0.50) vs PL-sCAP(0.50)","gscap_x_l050","scap_x_l050",0.00818954710711738,0.00728855729520689,-0.000900989811910489,0.0034734512997885,0.00139484805599304,-0.00207860324379546,2.49020048088007
"C_nonlinear_observability",174,"G-sCAP(0.50) vs PL-sCAP(0.50)","gscap_x_l050","scap_x_l050",0.0180083403124607,0.00497173003346225,-0.0130366102789984,0.00520802305395917,0.00130713239809747,-0.0039008906558617,3.98431181228424
"C_nonlinear_observability",175,"G-sCAP(0.50) vs PL-sCAP(0.50)","gscap_x_l050","scap_x_l050",0.0340799870809484,0.0133184423245083,-0.0207615447564401,0.0105817160883331,0.00221561863902299,-0.00836609744931011,4.77596455543417
"C_nonlinear_observability",176,"G-sCAP(0.50) vs PL-sCAP(0.50)","gscap_x_l050","scap_x_l050",0.0372773312075754,0.00544936449618718,-0.0318279667113882,0.01191692574624,0.00191417668832355,-0.0100027490579165,6.225614290955
"C_nonlinear_observability",177,"G-sCAP(0.50) vs PL-sCAP(0.50)","gscap_x_l050","scap_x_l050",0.00231094036256283,0.00392917612861784,0.00161823576605501,0.00155083883950317,0.000780469571744066,-0.000770369267759104,1.98705868319454
"C_nonlinear_observability",178,"G-sCAP(0.50) vs PL-sCAP(0.50)","gscap_x_l050","scap_x_l050",0.011166027013722,0.00161899494631948,-0.00954703206740252,0.00248956560439862,0.000806787432889107,-0.00168277817150951,3.08577638038248
"C_nonlinear_observability",179,"G-sCAP(0.50) vs PL-sCAP(0.50)","gscap_x_l050","scap_x_l050",0.0179463098655206,0.0052087938081384,-0.0127375160573822,0.00496185773171085,0.00131687150324911,-0.00364498622846174,3.76791336092283
"C_nonlinear_observability",180,"G-sCAP(0.50) vs PL-sCAP(0.50)","gscap_x_l050","scap_x_l050",0.0202770718028508,0.0013430386292453,-0.0189340331736055,0.0055750926378517,0.00110164619577362,-0.00447344644207808,5.06069249750066
"C_nonlinear_observability",181,"G-sCAP(0.50) vs PL-sCAP(0.50)","gscap_x_l050","scap_x_l050",0.114848952012367,0.0186229543403114,-0.0962259976720556,0.0358546329608735,0.00198305893223295,-0.0338715740286405,18.0804676946745
"C_nonlinear_observability",182,"G-sCAP(0.50) vs PL-sCAP(0.50)","gscap_x_l050","scap_x_l050",0.108675846934016,0.0149867214210858,-0.0936891255129302,0.0284900188387808,0.00178025845328714,-0.0267097603854937,16.0033049056308
"C_nonlinear_observability",183,"G-sCAP(0.50) vs PL-sCAP(0.50)","gscap_x_l050","scap_x_l050",0.167649025762314,0.0315895457265453,-0.136059480035769,0.0542281340466746,0.00363456025084324,-0.0505935737958314,14.920136221182
"C_nonlinear_observability",184,"G-sCAP(0.50) vs PL-sCAP(0.50)","gscap_x_l050","scap_x_l050",0.148792206018962,0.0252242014273597,-0.123568004591602,0.0425170014832342,0.00352803506847257,-0.0389889664147616,12.0511844859982
"C_nonlinear_observability",185,"G-sCAP(0.50) vs PL-sCAP(0.50)","gscap_x_l050","scap_x_l050",0.0180741361750124,0.00682869726573427,-0.0112454389092781,0.00213913227279788,0.000547589393852913,-0.00159154287894497,3.906453077454
"C_nonlinear_observability",186,"G-sCAP(0.50) vs PL-sCAP(0.50)","gscap_x_l050","scap_x_l050",0.0241656719413195,0.00333104763261544,-0.0208346243087041,0.00291000061265686,0.000477090782071224,-0.00243290983058564,6.09946937147579
"C_nonlinear_observability",187,"G-sCAP(0.50) vs PL-sCAP(0.50)","gscap_x_l050","scap_x_l050",0.039963041401496,0.00616222707290376,-0.0338008143285922,0.00566895769856868,0.000806312774149324,-0.00486264492441936,7.03071795501385
"C_nonlinear_observability",188,"G-sCAP(0.50) vs PL-sCAP(0.50)","gscap_x_l050","scap_x_l050",0.0389285693579073,0.00268495303605403,-0.0362436163218533,0.00545679160017483,0.000727024191462164,-0.00472976740871267,7.50565340776396
"C_nonlinear_observability",189,"G-sCAP(0.50) vs PL-sCAP(0.50)","gscap_x_l050","scap_x_l050",0.0070625344571239,0.00306236258523655,-0.00400017187188735,0.000746330850436218,0.000303867820309853,-0.000442463030126365,2.45610361003408
"C_nonlinear_observability",190,"G-sCAP(0.50) vs PL-sCAP(0.50)","gscap_x_l050","scap_x_l050",0.0109214062321017,0.000435827986178561,-0.0104855782459231,0.000931471925102756,0.000281587406585824,-0.000649884518516932,3.30793175872677
"C_nonlinear_observability",191,"G-sCAP(0.50) vs PL-sCAP(0.50)","gscap_x_l050","scap_x_l050",0.0211545371417395,0.00423328661645216,-0.0169212505252873,0.00231564373151407,0.000479228019786262,-0.00183641571172781,4.83202908825502
"C_nonlinear_observability",192,"G-sCAP(0.50) vs PL-sCAP(0.50)","gscap_x_l050","scap_x_l050",0.0223975741484439,0.0024659924609712,-0.0199315816874727,0.00232069789642685,0.000430746000280874,-0.00188995189614598,5.38762494582331
"C_nonlinear_observability",145,"G-sCAP(1.00) vs PL-sCAP(0.50)","gscap_x_l100","scap_x_l050",0.0165964029453556,0.0374273287638442,0.0208309258184886,0.0188943984746269,0.00564036125635024,-0.0132540372182767,3.3498560847241
"C_nonlinear_observability",146,"G-sCAP(1.00) vs PL-sCAP(0.50)","gscap_x_l100","scap_x_l050",0.00526660036809757,0.0544503692793156,0.049183768911218,0.0213335071462408,0.00701878782746533,-0.0143147193187755,3.03948597260061
"C_nonlinear_observability",147,"G-sCAP(1.00) vs PL-sCAP(0.50)","gscap_x_l100","scap_x_l050",0.0128017610228955,0.0630124983092209,0.0502107372863254,0.0281048538525272,0.010385708663352,-0.0177191451891752,2.70610843838713
"C_nonlinear_observability",148,"G-sCAP(1.00) vs PL-sCAP(0.50)","gscap_x_l100","scap_x_l050",0.0123698762043351,0.0755281371950737,0.0631582609907386,0.0247729539353832,0.0109946383451354,-0.0137783155902478,2.25318497596095
"C_nonlinear_observability",149,"G-sCAP(1.00) vs PL-sCAP(0.50)","gscap_x_l100","scap_x_l050",0.00354280016691729,0.0382270192357162,0.0346842190687989,0.0045610652589422,0.00289897758312912,-0.00166208767581308,1.57333581518041
"C_nonlinear_observability",150,"G-sCAP(1.00) vs PL-sCAP(0.50)","gscap_x_l100","scap_x_l050",0.0092487218755617,0.0609577196812622,0.0517089978057005,0.0074806454181417,0.00503083143517397,-0.00244981398296773,1.48696006108243
"C_nonlinear_observability",151,"G-sCAP(1.00) vs PL-sCAP(0.50)","gscap_x_l100","scap_x_l050",0.0134499860745517,0.073151863328171,0.0597018772536193,0.0145188854138768,0.00740094860856997,-0.00711793680530683,1.96176006371191
"C_nonlinear_observability",152,"G-sCAP(1.00) vs PL-sCAP(0.50)","gscap_x_l100","scap_x_l050",0.0346378217318005,0.0808538547426522,0.0462160330108517,0.0131552629028323,0.00817161762685986,-0.00498364527597244,1.60987254954164
"C_nonlinear_observability",153,"G-sCAP(1.00) vs PL-sCAP(0.50)","gscap_x_l100","scap_x_l050",0.00455605444817856,0.0432761943991256,0.038720139950947,0.00166077628156165,0.00269802674940068,0.00103725046783903,0.615552192701782
"C_nonlinear_observability",154,"G-sCAP(1.00) vs PL-sCAP(0.50)","gscap_x_l100","scap_x_l050",0.00903333374045073,0.0610755989692298,0.0520422652287791,0.0042495786613793,0.00457094914937423,0.000321370487994931,0.929692832387136
"C_nonlinear_observability",155,"G-sCAP(1.00) vs PL-sCAP(0.50)","gscap_x_l100","scap_x_l050",0.0114882742139522,0.073952662435841,0.0624643882218888,0.00785307259006099,0.00662584638836016,-0.00122722620170083,1.18521802797251
"C_nonlinear_observability",156,"G-sCAP(1.00) vs PL-sCAP(0.50)","gscap_x_l100","scap_x_l050",0.0473333073856546,0.0838223382944902,0.0364890309088356,0.0094672653399404,0.0080486654294706,-0.0014185999104698,1.17625281146307
"C_nonlinear_observability",157,"G-sCAP(1.00) vs PL-sCAP(0.50)","gscap_x_l100","scap_x_l050",0.0124755919845024,0.0156267045705864,0.003151112586084,0.0271239229744247,0.00688820923545176,-0.0202357137389729,3.93773215175073
"C_nonlinear_observability",158,"G-sCAP(1.00) vs PL-sCAP(0.50)","gscap_x_l100","scap_x_l050",0.0261943914787629,0.01170839698275,-0.0144859944960129,0.0312117715488093,0.00666154217032534,-0.024550229378484,4.68536725442436
"C_nonlinear_observability",159,"G-sCAP(1.00) vs PL-sCAP(0.50)","gscap_x_l100","scap_x_l050",0.0476897171157526,0.0188978843068365,-0.0287918328089161,0.0438816207590583,0.010287647941694,-0.0335939728173643,4.26546680132919
"C_nonlinear_observability",160,"G-sCAP(1.00) vs PL-sCAP(0.50)","gscap_x_l100","scap_x_l050",0.0280895579508629,0.0153079815332193,-0.0127815764176436,0.0461317711599133,0.0112566224905989,-0.0348751486693144,4.09818941680249
"C_nonlinear_observability",161,"G-sCAP(1.00) vs PL-sCAP(0.50)","gscap_x_l100","scap_x_l050",0.0120806865041855,0.00490970140968784,-0.00717098509449766,0.00697088662722897,0.00223442250637587,-0.0047364641208531,3.11977104031924
"C_nonlinear_observability",162,"G-sCAP(1.00) vs PL-sCAP(0.50)","gscap_x_l100","scap_x_l050",0.00190214207627783,0.0152143471147913,0.0133122050385135,0.00920048550615859,0.00251931988547409,-0.0066811656206845,3.65197193068129
"C_nonlinear_observability",163,"G-sCAP(1.00) vs PL-sCAP(0.50)","gscap_x_l100","scap_x_l050",0.00839768982344742,0.013415560429259,0.00501787060581158,0.0171262586331891,0.00365755259288219,-0.0134687060403069,4.68243673830358
"C_nonlinear_observability",164,"G-sCAP(1.00) vs PL-sCAP(0.50)","gscap_x_l100","scap_x_l050",0.0153140323761934,0.0169549720775786,0.0016409397013852,0.0169758880175538,0.00313833915561066,-0.0138375488619431,5.40919485620432
"C_nonlinear_observability",165,"G-sCAP(1.00) vs PL-sCAP(0.50)","gscap_x_l100","scap_x_l050",0.00182200456494263,0.00882551219430102,0.00700350762935839,0.00260515373758318,0.00143921038677266,-0.00116594335081052,1.81012710964731
"C_nonlinear_observability",166,"G-sCAP(1.00) vs PL-sCAP(0.50)","gscap_x_l100","scap_x_l050",0.000890309046699198,0.0152747269100302,0.014384417863331,0.00491635696634845,0.00169807482891368,-0.00321828213743477,2.89525342619537
"C_nonlinear_observability",167,"G-sCAP(1.00) vs PL-sCAP(0.50)","gscap_x_l100","scap_x_l050",0.00503207974534649,0.0173824791915237,0.0123503994461772,0.00923540920896787,0.00238113290492783,-0.00685427630404004,3.87857779372789
"C_nonlinear_observability",168,"G-sCAP(1.00) vs PL-sCAP(0.50)","gscap_x_l100","scap_x_l050",0.0139824803666528,0.0185060250718153,0.0045235447051625,0.00946994663050253,0.0023199255238618,-0.00715002110664073,4.08200458725875
"C_nonlinear_observability",169,"G-sCAP(1.00) vs PL-sCAP(0.50)","gscap_x_l100","scap_x_l050",0.0952387239243413,0.0140865938421232,-0.0811521300822181,0.0346769374078073,0.00412765789433379,-0.0305492795134735,8.40111712150607
"C_nonlinear_observability",170,"G-sCAP(1.00) vs PL-sCAP(0.50)","gscap_x_l100","scap_x_l050",0.103907528124131,0.00938012523823674,-0.0945274028858943,0.0368184645460159,0.00396495670078144,-0.0328535078452345,9.28596888302953
"C_nonlinear_observability",171,"G-sCAP(1.00) vs PL-sCAP(0.50)","gscap_x_l100","scap_x_l050",0.170194923186526,0.0330151157114919,-0.137179807475034,0.0737870394585187,0.00737175887630209,-0.0664152805822166,10.0094211838264
"C_nonlinear_observability",172,"G-sCAP(1.00) vs PL-sCAP(0.50)","gscap_x_l100","scap_x_l050",0.13263062851468,0.0162393586350524,-0.116391269879628,0.0574544853920558,0.00636548539616572,-0.0510889999958901,9.0259393928802
"C_nonlinear_observability",173,"G-sCAP(1.00) vs PL-sCAP(0.50)","gscap_x_l100","scap_x_l050",0.0203995481240871,0.00728855729520689,-0.0131109908288802,0.00432969378339672,0.00139484805599304,-0.00293484572740368,3.10406123792047
"C_nonlinear_observability",174,"G-sCAP(1.00) vs PL-sCAP(0.50)","gscap_x_l100","scap_x_l050",0.0295788524200998,0.00497173003346225,-0.0246071223866376,0.00738169446617495,0.00130713239809747,-0.00607456206807748,5.64724313842959
"C_nonlinear_observability",175,"G-sCAP(1.00) vs PL-sCAP(0.50)","gscap_x_l100","scap_x_l050",0.0610384650313997,0.0133184423245083,-0.0477200227068914,0.0133637934519156,0.00221561863902299,-0.0111481748128926,6.03163072224765
"C_nonlinear_observability",176,"G-sCAP(1.00) vs PL-sCAP(0.50)","gscap_x_l100","scap_x_l050",0.0598727036972728,0.00544936449618718,-0.0544233392010856,0.0140890528961792,0.00191417668832355,-0.0121748762078557,7.3603722070811
"C_nonlinear_observability",177,"G-sCAP(1.00) vs PL-sCAP(0.50)","gscap_x_l100","scap_x_l050",0.0151693451369884,0.00392917612861784,-0.0112401690083706,0.00177907094731411,0.000780469571744066,-0.000998601375570044,2.27948790282564
"C_nonlinear_observability",178,"G-sCAP(1.00) vs PL-sCAP(0.50)","gscap_x_l100","scap_x_l050",0.0240560737258018,0.00161899494631948,-0.0224370787794823,0.00313215325715842,0.000806787432889107,-0.00232536582426931,3.88225340340537
"C_nonlinear_observability",179,"G-sCAP(1.00) vs PL-sCAP(0.50)","gscap_x_l100","scap_x_l050",0.039632009919991,0.0052087938081384,-0.0344232161118526,0.00656923535844335,0.00131687150324911,-0.00525236385519424,4.98851660335508
"C_nonlinear_observability",180,"G-sCAP(1.00) vs PL-sCAP(0.50)","gscap_x_l100","scap_x_l050",0.0398491209623799,0.0013430386292453,-0.0385060823331346,0.0072429082734034,0.00110164619577362,-0.00614126207762978,6.57462287001966
"C_nonlinear_observability",181,"G-sCAP(1.00) vs PL-sCAP(0.50)","gscap_x_l100","scap_x_l050",0.125642682181647,0.0186229543403114,-0.107019727841336,0.0359669685669106,0.00198305893223295,-0.0339839096346777,18.1371153334366
"C_nonlinear_observability",182,"G-sCAP(1.00) vs PL-sCAP(0.50)","gscap_x_l100","scap_x_l050",0.133119286780278,0.0149867214210858,-0.118132565359192,0.0384106984004176,0.00178025845328714,-0.0366304399471305,21.5759112557475
"C_nonlinear_observability",183,"G-sCAP(1.00) vs PL-sCAP(0.50)","gscap_x_l100","scap_x_l050",0.206750661324569,0.0315895457265453,-0.175161115598024,0.0768721510769684,0.00363456025084324,-0.0732375908261252,21.1503306511795
"C_nonlinear_observability",184,"G-sCAP(1.00) vs PL-sCAP(0.50)","gscap_x_l100","scap_x_l050",0.189035947403991,0.0252242014273597,-0.163811745976631,0.0673749599749359,0.00352803506847257,-0.0638469249064633,19.0970210520343
"C_nonlinear_observability",185,"G-sCAP(1.00) vs PL-sCAP(0.50)","gscap_x_l100","scap_x_l050",0.0306696000355703,0.00682869726573427,-0.023840902769836,0.00363383886881687,0.000547589393852913,-0.00308624947496396,6.63606510573313
"C_nonlinear_observability",186,"G-sCAP(1.00) vs PL-sCAP(0.50)","gscap_x_l100","scap_x_l050",0.0399422240589364,0.00333104763261544,-0.036611176426321,0.00503908904339897,0.000477090782071224,-0.00456199826132775,10.5621178039166
"C_nonlinear_observability",187,"G-sCAP(1.00) vs PL-sCAP(0.50)","gscap_x_l100","scap_x_l050",0.057150099159584,0.00616222707290376,-0.0509878720866802,0.00777866455867406,0.000806312774149324,-0.00697235178452474,9.64720491608322
"C_nonlinear_observability",188,"G-sCAP(1.00) vs PL-sCAP(0.50)","gscap_x_l100","scap_x_l050",0.057928631689432,0.00268495303605403,-0.055243678653378,0.00824146148374549,0.000727024191462164,-0.00751443729228333,11.3358834279924
"C_nonlinear_observability",189,"G-sCAP(1.00) vs PL-sCAP(0.50)","gscap_x_l100","scap_x_l050",0.0164500995888238,0.00306236258523655,-0.0133877370035873,0.00136433972422746,0.000303867820309853,-0.00106047190391761,4.48991184007654
"C_nonlinear_observability",190,"G-sCAP(1.00) vs PL-sCAP(0.50)","gscap_x_l100","scap_x_l050",0.0195604011580479,0.000435827986178561,-0.0191245731718693,0.00128865086605411,0.000281587406585824,-0.00100706345946829,4.57637961043314
"C_nonlinear_observability",191,"G-sCAP(1.00) vs PL-sCAP(0.50)","gscap_x_l100","scap_x_l050",0.0372123394124234,0.00423328661645216,-0.0329790527959712,0.00352144577316916,0.000479228019786262,-0.0030422177533829,7.34816335392856
"C_nonlinear_observability",192,"G-sCAP(1.00) vs PL-sCAP(0.50)","gscap_x_l100","scap_x_l050",0.0380424569404567,0.0024659924609712,-0.0355764644794855,0.00340973666234155,0.000430746000280874,-0.00297899066206068,7.91588699632308
