"scenario_id","abs_bias_new","mse_new","rmse_new","abs_bias_ref","mse_ref","rmse_ref","method_new","method_ref","abs_bias_reduction","mse_reduction","rel_mse","block"
1,0.0205318836551019,0.00407656638910532,0.0638479944015889,0.00832586934984825,0.00408046571084126,0.0638785230796804,"scap_x_l050","trad",-0.0122060143052537,3.89932173593815e-06,0.999044392965838,"A_independent"
2,0.0204043214992618,0.00450457388055106,0.0671161223593188,0.00834641178850882,0.00455265139939209,0.0674733384337257,"scap_x_l050","trad",-0.012057909710753,4.80775188410358e-05,0.989439666114683,"A_independent"
3,0.0294796298164466,0.00639825460966509,0.0799890905665584,0.0123217301616518,0.00669159517357578,0.0818021709588186,"scap_x_l050","trad",-0.0171578996547948,0.000293340563910693,0.956162834675197,"A_independent"
4,0.0233024440613122,0.00620522106307358,0.0787732255469685,0.00818321439428803,0.00658986671746252,0.0811779940468014,"scap_x_l050","trad",-0.0151192296670242,0.000384645654388946,0.941630738392679,"A_independent"
5,0.0123090440968996,0.0015268082551552,0.0390743938552501,0.00363721798490243,0.00146079813436406,0.0382203889876079,"scap_x_l050","trad",-0.00867182611199721,-6.60101207911466e-05,1.04518770885471,"A_independent"
6,0.00822474536040294,0.00135355942691574,0.0367907519210432,0.000382800573536012,0.00136934530218121,0.0370046659514879,"scap_x_l050","trad",-0.00784194478686692,1.57858752654664e-05,0.988471954268714,"A_independent"
7,0.0167978796133536,0.00197376815209316,0.0444271105530526,0.00636069547886157,0.00188350451240546,0.0433993607372903,"scap_x_l050","trad",-0.0104371841344921,-9.02636396877025e-05,1.0479232404771,"A_independent"
8,0.0131899397035622,0.00202660661241725,0.0450178477097389,0.0036738007692186,0.00208892622967239,0.0457047725043282,"scap_x_l050","trad",-0.0095161389343436,6.23196172551458e-05,0.97016667397349,"A_independent"
9,0.00899859871022325,0.0008757110731838,0.0295924158051315,0.0029001217254997,0.00084285568217748,0.0290319768906198,"scap_x_l050","trad",-0.00609847698472355,-3.28553910063194e-05,1.0389810399349,"A_independent"
10,0.00783734429499732,0.000740571556428252,0.0272134444058126,0.00213669014718327,0.000715565985526758,0.0267500651499535,"scap_x_l050","trad",-0.00570065414781405,-2.50055709014939e-05,1.03494516425775,"A_independent"
11,0.00853053576560459,0.00120405000287867,0.0346994236678172,0.00111544159742264,0.00126339074909398,0.0355442083762458,"scap_x_l050","trad",-0.00741509416818195,5.93407462153085e-05,0.953030567733804,"A_independent"
12,0.0106431223579783,0.00125933460912757,0.0354871048287624,0.00394384695909595,0.00126798165731792,0.0356087300716821,"scap_x_l050","trad",-0.00669927539888236,8.64704819035066e-06,0.993180462713758,"A_independent"
13,0.00371389234443793,0.00612932383101834,0.0782899982821455,0.00409975946049077,0.00685869946586332,0.0828172655058311,"scap_x_l050","trad",0.000385867116052844,0.000729375634844984,0.893656860389468,"A_independent"
14,0.00162578253430522,0.00605329118600578,0.0778028995989595,0.000937519215649755,0.00689474686106819,0.0830346124280001,"scap_x_l050","trad",-0.000688263318655466,0.000841455675062414,0.877956987831741,"A_independent"
15,0.0020455646969623,0.00901178845430318,0.0949304400827426,0.00375726069421501,0.0114857332062143,0.107171513035014,"scap_x_l050","trad",0.00171169599725271,0.0024739447519111,0.784607155024932,"A_independent"
16,0.00315828953167292,0.00930148871916645,0.0964442259503722,0.00509626537150469,0.0122836238707381,0.110831511181334,"scap_x_l050","trad",0.00193797583983177,0.00298213515157168,0.75722676117789,"A_independent"
17,0.000306017750918742,0.00221351713940324,0.0470480301330803,0.000583592394808489,0.002515349956168,0.0501532646611165,"scap_x_l050","trad",0.000277574643889747,0.000301832816764762,0.880003648786673,"A_independent"
18,0.00461158395435133,0.0019945601542937,0.0446604988137582,0.00493103009899512,0.00224373953866413,0.0473681278779743,"scap_x_l050","trad",0.000319446144643789,0.000249179384370431,0.888944603383516,"A_independent"
19,0.00182447585805848,0.00262397749187301,0.0512247742003126,0.00148989061357574,0.00326330891795257,0.0571253789304943,"scap_x_l050","trad",-0.000334585244482736,0.000639331426079553,0.804084920504346,"A_independent"
20,0.00411995758216102,0.00325741812533873,0.0570737954348467,0.00518970902117844,0.00431966743170911,0.0657241769192214,"scap_x_l050","trad",0.00106975143901742,0.00106224930637038,0.754090025872641,"A_independent"
21,9.39946441469393e-05,0.00118168648590182,0.0343756670611905,5.09920565234474e-05,0.00135264526311552,0.0367783259966454,"scap_x_l050","trad",-4.30025876234919e-05,0.000170958777213701,0.873611521161184,"A_independent"
22,0.00114154904549301,0.00122344762253392,0.0349778161487237,0.00158252172154975,0.00137640208224515,0.0370998932915601,"scap_x_l050","trad",0.000440972676056742,0.000152954459711229,0.888873707992556,"A_independent"
23,0.00136318489588703,0.00156923849617501,0.0396136150354271,0.00158830957450216,0.00202704010453123,0.0450226621217718,"scap_x_l050","trad",0.00022512467861513,0.000457801608356214,0.774152663613883,"A_independent"
24,0.00133488683822283,0.00173486933342441,0.0416517626688765,0.000374308472821987,0.00221288710898842,0.0470413340477119,"scap_x_l050","trad",-0.000960578365400844,0.000478017775564004,0.783984563142707,"A_independent"
25,0.0259721222361807,0.00542117546887666,0.0736286321268883,0.00960979144136832,0.0052299685550794,0.0723185215216642,"scap_x_l050","trad",-0.0163623307948124,-0.000191206913797252,1.03655985916236,"A_independent"
26,0.0197082401071401,0.00477357360396318,0.0690910529950383,0.00379469636228663,0.00474710512929865,0.0688992389602284,"scap_x_l050","trad",-0.0159135437448535,-2.64684746645316e-05,1.00557570855155,"A_independent"
27,0.0350488236328329,0.00797436904157314,0.0892993227386028,0.00759503226792393,0.00793517105017157,0.0890795770655181,"scap_x_l050","trad",-0.027453791364909,-3.91979914015662e-05,1.0049397790109,"A_independent"
28,0.0355974908235766,0.00823982123736529,0.0907734610850842,0.00908729297206179,0.00879725311476358,0.093793673106258,"scap_x_l050","trad",-0.0265101978515148,0.000557431877398295,0.936635689558277,"A_independent"
29,0.0144202745437644,0.00183587490713645,0.0428471108376802,0.000773623785921513,0.00175440249978554,0.0418855882110487,"scap_x_l050","trad",-0.0136466507578429,-8.14724073509117e-05,1.04643883450968,"A_independent"
30,0.0157245566781275,0.00163785224560155,0.0404703872677486,0.00269938128489682,0.0014751498615555,0.0384076797210597,"scap_x_l050","trad",-0.0130251753932306,-0.000162702384046046,1.11029549490957,"A_independent"
31,0.0263098717919756,0.00282531227093854,0.0531536665803832,0.00528272172981416,0.00237922919867563,0.0487773430874994,"scap_x_l050","trad",-0.0210271500621614,-0.00044608307226292,1.18749058414012,"A_independent"
32,0.0239678719314536,0.00279459044211836,0.0528638859914626,0.00450691353329961,0.00257784299838161,0.0507724629930596,"scap_x_l050","trad",-0.019460958398154,-0.000216747443736749,1.08408093273051,"A_independent"
33,0.0124596190620932,0.00120064743240228,0.0346503597730569,1.9323309423964e-05,0.00111043823703535,0.0333232386936707,"scap_x_l050","trad",-0.0124402957526692,-9.02091953669272e-05,1.08123747216033,"A_independent"
34,0.0102404136316908,0.00104561039505699,0.0323358994780877,0.00126899945846038,0.000995340751456625,0.0315490214025194,"scap_x_l050","trad",-0.00897141417323038,-5.02696436003689e-05,1.05050495875589,"A_independent"
35,0.0178407784667755,0.00164093272801869,0.0405084278640716,0.000135722530835472,0.00149345962536121,0.0386453053469786,"scap_x_l050","trad",-0.01770505593594,-0.000147473102657482,1.0987459588148,"A_independent"
36,0.0171969374703751,0.00169218578518772,0.0411361858366539,0.00132284889029531,0.0015610801026366,0.039510506231085,"scap_x_l050","trad",-0.0158740885800798,-0.000131105682551118,1.08398395593518,"A_independent"
37,0.0245316842888319,0.00326848426059938,0.0571706590883766,0.00620424419790684,0.00274883341154343,0.0524293182441221,"scap_x_l050","trad",-0.018327440090925,-0.00051965084905595,1.18904414027919,"A_independent"
38,0.0238392011404491,0.00279497025343775,0.0528674782209039,0.00700840901508322,0.00228021000229751,0.0477515445016966,"scap_x_l050","trad",-0.0168307921253658,-0.000514760251140243,1.22575124686831,"A_independent"
39,0.0386341381950236,0.00528032954983041,0.0726658761030954,0.0123974411170288,0.0042775891008343,0.0654032805051421,"scap_x_l050","trad",-0.0262366970779948,-0.00100274044899611,1.23441719748176,"A_independent"
40,0.037431288810863,0.00506079688309589,0.0711392780613909,0.0126592212599561,0.00414041879387191,0.064346086080444,"scap_x_l050","trad",-0.0247720675509069,-0.000920378089223983,1.22229106161584,"A_independent"
41,0.015901722737216,0.00105769268786904,0.0325221876242826,0.00356147322364933,0.000827641402009294,0.0287687573942514,"scap_x_l050","trad",-0.0123402495135667,-0.000230051285859743,1.27796009878341,"A_independent"
42,0.0142459159311471,0.000879796561942156,0.0296613648024186,0.00359610626530872,0.000701503308773829,0.0264859077392833,"scap_x_l050","trad",-0.0106498096658383,-0.000178293253168327,1.25415881997758,"A_independent"
43,0.0180837481467393,0.00146498808783799,0.0382751628061592,0.002160071786447,0.00122333031059285,0.0349761391607601,"scap_x_l050","trad",-0.0159236763602923,-0.000241657777245138,1.19754090547141,"A_independent"
44,0.0176483634785221,0.00138505347836399,0.0372163066190614,0.00283379012657777,0.00111648276558558,0.0334138110006264,"scap_x_l050","trad",-0.0148145733519443,-0.000268570712778406,1.2405507017724,"A_independent"
45,0.0103505470835771,0.000574803702560299,0.0239750641826106,0.00014293377056704,0.000468994043374774,0.0216562703015726,"scap_x_l050","trad",-0.0102076133130101,-0.000105809659185525,1.22560981462396,"A_independent"
46,0.0102034327487928,0.00046147672592221,0.0214820093548581,0.00132976505327571,0.000360207735321092,0.0189791394778871,"scap_x_l050","trad",-0.00887366769551712,-0.000101268990601118,1.28114052162385,"A_independent"
47,0.0149511591832601,0.000906200935673532,0.0301031715218435,0.0016746648370783,0.000710507917260942,0.0266553543825803,"scap_x_l050","trad",-0.0132764943461818,-0.00019569301841259,1.27542693565893,"A_independent"
48,0.014535290467798,0.000859118894474816,0.0293107300228912,0.00253300055142416,0.00067748531860561,0.026028548146326,"scap_x_l050","trad",-0.0120022899163738,-0.000181633575869207,1.26809964862861,"A_independent"
49,0.0093747545368353,0.00679983551442884,0.0824611151660517,0.00617763306033102,0.00411257059128143,0.0641293270764743,"ipcw_x","ipcw_marg",-0.00319712147650428,-0.00268726492314742,1.65342706307446,"B_covariate_dependent"
49,0.0172591589125071,0.00410603094443059,0.0640783188327424,0.0171661555765103,0.00414555984434204,0.0643860221192615,"scap_x_l050","scap_marg_l050",-9.30033359968774e-05,3.95288999114479e-05,0.990464761963237,"B_covariate_dependent"
49,0.0172591589125071,0.00410603094443059,0.0640783188327424,0.00617742807856335,0.00411259891855259,0.0641295479365993,"scap_x_l050","trad",-0.0110817308339438,6.56797412200601e-06,0.998402962639421,"B_covariate_dependent"
49,0.0105834921623617,0.00442626910247991,0.0665302119527656,0.0219632201767712,0.00432520641248036,0.0657663014961337,"ps_x_spline","ps_marg_logit",0.0113797280144094,-0.000101062689999554,1.0233659808022,"B_covariate_dependent"
50,0.0108630860168436,0.00404377652669986,0.0635906952839789,0.0202759466569765,0.00395875160680744,0.0629186109732839,"ps_x_spline","ps_marg_logit",0.00941286064013294,-8.50249198924248e-05,1.02147771023224,"B_covariate_dependent"
50,0.0125187344928817,0.00694243122497937,0.0833212531409566,0.00508700508312181,0.00378183136368806,0.0614965963585633,"ipcw_x","ipcw_marg",-0.00743172940975992,-0.00316059986129131,1.83573262722351,"B_covariate_dependent"
50,0.0153229290722233,0.0037728458353653,0.0614234957924515,0.00508661291410958,0.00378179725176946,0.0614963190099169,"scap_x_l050","trad",-0.0102363161581138,8.95141640415778e-06,0.99763302583184,"B_covariate_dependent"
50,0.0153229290722233,0.0037728458353653,0.0614234957924515,0.0155139455576731,0.0037949393932455,0.0616030794136584,"scap_x_l050","scap_marg_l050",0.000191016485449811,2.20935578801964e-05,0.994178152642037,"B_covariate_dependent"
51,0.0227666552812079,0.0130673273575428,0.114312411213931,0.0100952602352283,0.00420393770923028,0.064837779952974,"ipcw_x","ipcw_marg",-0.0126713950459796,-0.00886338964831255,3.10835418156931,"B_covariate_dependent"
51,0.0203206906839527,0.00426202607557732,0.065284194684298,0.0100952602352283,0.00420393770923028,0.064837779952974,"scap_x_l050","trad",-0.0102254304487244,-5.80883663470382e-05,1.01381760871944,"B_covariate_dependent"
51,0.0171467233065124,0.00477922769797007,0.0691319585862434,0.0256166635093333,0.00448456865947701,0.0669669221293394,"ps_x_spline","ps_marg_logit",0.00846994020282091,-0.000294659038493053,1.06570510139707,"B_covariate_dependent"
51,0.0203206906839527,0.00426202607557732,0.065284194684298,0.020816280265192,0.00428971162058035,0.0654958901044971,"scap_x_l050","scap_marg_l050",0.00049558958123928,2.7685545003037e-05,0.993546059163928,"B_covariate_dependent"
52,0.0170075922048368,0.00378803089667709,0.0615469812149799,0.00856124180774833,0.00373956609805767,0.0611519917750654,"scap_x_l050","trad",-0.00844635039708849,-4.84647986194208e-05,1.01296000587999,"B_covariate_dependent"
52,0.0170075922048368,0.00378803089667709,0.0615469812149799,0.0178772628436391,0.00380751708827908,0.0617050815434117,"scap_x_l050","scap_marg_l050",0.00086967063880232,1.94861916019968e-05,0.994882178818847,"B_covariate_dependent"
52,0.0240517829111925,0.0143436952903312,0.119765167266327,0.00856124180774833,0.00373956609805767,0.0611519917750654,"ipcw_x","ipcw_marg",-0.0154905411034442,-0.0106041291922736,3.83565764428695,"B_covariate_dependent"
52,0.0129122003010788,0.00446514708452987,0.0668217560718803,0.0213202273612256,0.00391514061988211,0.062571084534968,"ps_x_spline","ps_marg_logit",0.00840802706014681,-0.000550006464647759,1.14048191828786,"B_covariate_dependent"
53,0.0251680739673862,0.00656591556319657,0.0810303373015105,0.0102149487387899,0.00701524180654963,0.0837570403401984,"scap_x_l050","trad",-0.0149531252285963,0.000449326243353056,0.93594999919553,"B_covariate_dependent"
53,0.0226444830479393,0.014663766351903,0.121094039291383,0.0102149487387899,0.00701524180654963,0.0837570403401984,"ipcw_x","ipcw_marg",-0.0124295343091495,-0.00764852454535339,2.09027240347047,"B_covariate_dependent"
53,0.0251680739673862,0.00656591556319657,0.0810303373015105,0.0243785466827758,0.00654616799773895,0.0809083926285707,"scap_x_l050","scap_marg_l050",-0.000789527284610344,-1.97475654576205e-05,1.0030166603522,"B_covariate_dependent"
53,0.0161994716102755,0.00681292196322541,0.0825404262360294,0.0306350826700954,0.00655795743932665,0.0809812165833945,"ps_x_spline","ps_marg_logit",0.0144356110598199,-0.000254964523898758,1.0388786487649,"B_covariate_dependent"
54,0.0248740831259703,0.0056088635888702,0.0748923466641966,0.011166127276875,0.00591754334369562,0.0769255701551546,"scap_x_l050","trad",-0.0137079558490953,0.000308679754825411,0.947836502937613,"B_covariate_dependent"
54,0.0248740831259703,0.0056088635888702,0.0748923466641966,0.0253935628943291,0.00569028705818273,0.0754339913976632,"scap_x_l050","scap_marg_l050",0.000519479768358731,8.14234693125226e-05,0.985690797585434,"B_covariate_dependent"
54,0.0199780754467299,0.00621961760726097,0.0788645522859349,0.0308480399505982,0.00579281686737458,0.0761105568720567,"ps_x_spline","ps_marg_logit",0.0108699645038683,-0.000426800739886386,1.07367758202234,"B_covariate_dependent"
54,0.0390714134463598,0.0187208596927041,0.136824192644079,0.011166127276875,0.00591754334369562,0.0769255701551546,"ipcw_x","ipcw_marg",-0.0279052861694848,-0.0128033163490085,3.16362020611963,"B_covariate_dependent"
55,0.0248804844532662,0.00615850386209911,0.0784761356215959,0.0110457996161728,0.00632578120257192,0.0795347798297822,"scap_x_l050","trad",-0.0138346848370934,0.000167277340472813,0.97355625572304,"B_covariate_dependent"
55,0.0467073635825165,0.0232393705733635,0.15244464757204,0.0110457996161728,0.00632578120257192,0.0795347798297821,"ipcw_x","ipcw_marg",-0.0356615639663437,-0.0169135893707916,3.67375503975934,"B_covariate_dependent"
55,0.0200500276213637,0.00681764945470762,0.0825690587006272,0.0313491892405692,0.00636589898944219,0.0797865840191331,"ps_x_spline","ps_marg_logit",0.0112991616192055,-0.000451750465265428,1.07096412714287,"B_covariate_dependent"
55,0.0248804844532662,0.00615850386209911,0.0784761356215959,0.0262823895855626,0.00621981512764173,0.0788658045520473,"scap_x_l050","scap_marg_l050",0.00140190513229642,6.13112655426162e-05,0.990142590368942,"B_covariate_dependent"
56,0.0327788232555756,0.00603392452360887,0.07767834011878,0.0207865801317409,0.00590878032922973,0.076868591305095,"scap_x_l050","trad",-0.0119922431238347,-0.000125144194379138,1.02117936145977,"B_covariate_dependent"
56,0.0327788232555756,0.00603392452360887,0.07767834011878,0.0352338818349227,0.00627568579589963,0.0792192261758446,"scap_x_l050","scap_marg_l050",0.00245505857934716,0.000241761272290764,0.961476517443126,"B_covariate_dependent"
56,0.0714445279356534,0.0279502575189982,0.167183305144378,0.0207865801317409,0.00590878032922973,0.076868591305095,"ipcw_x","ipcw_marg",-0.0506579478039125,-0.0220414771897685,4.73029220272974,"B_covariate_dependent"
56,0.0286286024439425,0.00707828876680776,0.084132566624392,0.0416841608534268,0.00685312761424886,0.0827836192386445,"ps_x_spline","ps_marg_logit",0.0130555584094843,-0.000225161152558894,1.03285524000615,"B_covariate_dependent"
57,0.00950895174342132,0.00135577026416901,0.0368207857625147,0.00210847038043268,0.00136053395246626,0.036885416528301,"scap_x_l050","trad",-0.00740048136298864,4.7636882972539e-06,0.996498662684148,"B_covariate_dependent"
57,0.00426746743766994,0.0012993688476542,0.0360467591837908,0.0203853463931598,0.00159604475823107,0.0399505288854987,"ps_x_spline","ps_marg_logit",0.0161178789554898,0.000296675910576862,0.814118050858627,"B_covariate_dependent"
57,0.00950895174342132,0.00135577026416901,0.0368207857625147,0.0088286958908461,0.00134602471688955,0.0366882095078181,"scap_x_l050","scap_marg_l050",-0.000680255852575211,-9.74554727945702e-06,1.00724024392507,"B_covariate_dependent"
57,0.00305817461119071,0.00143718273533493,0.0379101930268751,0.00210850238340431,0.00136053285530562,0.0368854016557448,"ipcw_x","ipcw_marg",-0.000949672227786392,-7.6649880029312e-05,1.05633813232103,"B_covariate_dependent"
58,0.00968667500969163,0.00132465147309459,0.0363957617463158,0.00309546607380324,0.00130699369411216,0.0361523677525022,"scap_x_l050","trad",-0.00659120893588839,-1.76577789824215e-05,1.01351022507757,"B_covariate_dependent"
58,0.00491227072173427,0.00160794845844444,0.040099232641591,0.00309556122610678,0.00130699563903611,0.0361523946514765,"ipcw_x","ipcw_marg",-0.00181670949562749,-0.000300952819408336,1.23026306318075,"B_covariate_dependent"
58,0.00525574689344173,0.00129766084945546,0.036023059967963,0.0196549477094298,0.00156663722166049,0.0395807683308509,"ps_x_spline","ps_marg_logit",0.0143992008159881,0.00026897637220503,0.82830972704712,"B_covariate_dependent"
58,0.00968667500969163,0.00132465147309459,0.0363957617463158,0.00972069528212987,0.00133280869064684,0.0365076524943311,"scap_x_l050","scap_marg_l050",3.40202724382413e-05,8.15721755225503e-06,0.993879678599412,"B_covariate_dependent"
59,0.00845685212206897,0.00129684504745336,0.03601173485759,0.00832942888285436,0.00129924021780012,0.0360449749313288,"scap_x_l050","scap_marg_l050",-0.000127423239214611,2.39517034676326e-06,0.998156483832667,"B_covariate_dependent"
59,0.00845685212206897,0.00129684504745336,0.03601173485759,0.00200578058701329,0.00129026173673868,0.0359202134840355,"scap_x_l050","trad",-0.00645107153505568,-6.58331071467914e-06,1.00510230639817,"B_covariate_dependent"
59,0.00421241158706959,0.00129717950652416,0.036016378309377,0.0179611763261881,0.00151788024812235,0.0389599826504369,"ps_x_spline","ps_marg_logit",0.0137487647391185,0.000220700741598184,0.854599371807364,"B_covariate_dependent"
59,0.00286500957929278,0.00435375609157,0.0659829985039328,0.00200578058701335,0.00129026173673868,0.0359202134840354,"ipcw_x","ipcw_marg",-0.000859228992279431,-0.00306349435483132,3.37432008374885,"B_covariate_dependent"
60,0.01085836386406,0.00123061186058373,0.0350800778303546,0.011527697698305,0.00126438594081819,0.0355582049718231,"scap_x_l050","scap_marg_l050",0.000669333834245006,3.37740802344524e-05,0.973288155820052,"B_covariate_dependent"
60,0.00724341062150392,0.00121542491104874,0.0348629446697886,0.0206575031569033,0.00153947998636212,0.0392362075940339,"ps_x_spline","ps_marg_logit",0.0134140925353994,0.000324055075313382,0.789503547831666,"B_covariate_dependent"
60,0.00363484276529691,0.00509848223824091,0.0714036570368837,0.00522633577623644,0.00120080357293304,0.034652612786528,"ipcw_x","ipcw_marg",0.00159149301093953,-0.00389767866530787,4.24589196198637,"B_covariate_dependent"
60,0.01085836386406,0.00123061186058373,0.0350800778303546,0.00522633577623639,0.00120080357293304,0.0346526127865279,"scap_x_l050","trad",-0.00563202808782362,-2.98082876506935e-05,1.02482361672016,"B_covariate_dependent"
61,0.00653110366606014,0.00197209295173935,0.0444082531939656,0.0268797549063396,0.00238218707232667,0.0488076538293603,"ps_x_spline","ps_marg_logit",0.0203486512402795,0.000410094120587313,0.827849741377877,"B_covariate_dependent"
61,0.0131504608775807,0.00198287291793478,0.0445294612356222,0.00379351022503452,0.00202626203857242,0.0450140204666548,"scap_x_l050","trad",-0.00935695065254621,4.33891206376362e-05,0.978586619197483,"B_covariate_dependent"
61,0.0131504608775807,0.00198287291793478,0.0445294612356222,0.0124149027940449,0.00199373263285239,0.0446512332735882,"scap_x_l050","scap_marg_l050",-0.000735558083535807,1.08597149176132e-05,0.994553073597398,"B_covariate_dependent"
61,0.00657897937330982,0.00405970430658589,0.0637158089220085,0.00379351022503454,0.00202626203857242,0.0450140204666548,"ipcw_x","ipcw_marg",-0.00278546914827528,-0.00203344226801348,2.00354358385262,"B_covariate_dependent"
62,0.00801245271766433,0.00193894565461432,0.0440334606250102,0.0246236695395234,0.00227409977423715,0.0476875222069374,"ps_x_spline","ps_marg_logit",0.0166112168218591,0.000335154119622824,0.852621189527512,"B_covariate_dependent"
62,0.00782073518144164,0.00632461446043656,0.0795274446995285,0.0029763663587058,0.00195943886954053,0.044265549466154,"ipcw_x","ipcw_marg",-0.00484436882273584,-0.00436517559089603,3.22776819361537,"B_covariate_dependent"
62,0.011448257137826,0.00191953655735515,0.0438125159897848,0.00297636635870577,0.00195943886954053,0.044265549466154,"scap_x_l050","trad",-0.00847189077912026,3.99023121853764e-05,0.97963584738179,"B_covariate_dependent"
62,0.011448257137826,0.00191953655735515,0.0438125159897848,0.0113270743686322,0.00196395273679752,0.0443165063694953,"scap_x_l050","scap_marg_l050",-0.000121182769193812,4.44161794423698e-05,0.977384293109418,"B_covariate_dependent"
63,0.0173384159978365,0.0107944386591037,0.103896287994825,0.00487649142862887,0.00195264079878415,0.0441886953731851,"ipcw_x","ipcw_marg",-0.0124619245692077,-0.00884179786031955,5.52812307610547,"B_covariate_dependent"
63,0.00747729248743997,0.00200817765267869,0.044812695217747,0.0282259808012095,0.00249616466317304,0.0499616319106276,"ps_x_spline","ps_marg_logit",0.0207486883137696,0.000487987010494354,0.804505280563486,"B_covariate_dependent"
63,0.0135240042351431,0.0019655881455539,0.0443349539929152,0.0133463633351192,0.00199771471043168,0.0446958019329744,"scap_x_l050","scap_marg_l050",-0.000177640900023928,3.21265648777743e-05,0.983918341938408,"B_covariate_dependent"
63,0.0135240042351431,0.0019655881455539,0.0443349539929152,0.00487649142862883,0.00195264079878415,0.0441886953731851,"scap_x_l050","trad",-0.00864751280651429,-1.29473467697535e-05,1.0066306853661,"B_covariate_dependent"
64,0.0199016737164768,0.0116939231820946,0.108138444514865,0.00914353965800604,0.001862913611492,0.0431614829621505,"ipcw_x","ipcw_marg",-0.0107581340584707,-0.00983100957060258,6.2772224701976,"B_covariate_dependent"
64,0.0173467979311789,0.00195314450578702,0.0441943945063966,0.00914353965800602,0.001862913611492,0.0431614829621505,"scap_x_l050","trad",-0.00820325827317289,-9.0230894295018e-05,1.04843536154248,"B_covariate_dependent"
64,0.0117204803018574,0.00190686533067854,0.0436676691692898,0.0347996496457469,0.00279911507688794,0.0529066638230757,"ps_x_spline","ps_marg_logit",0.0230791693438896,0.000892249746209405,0.68123863374656,"B_covariate_dependent"
64,0.0173467979311789,0.00195314450578702,0.0441943945063966,0.0179074010375731,0.00201332471124722,0.0448700870430092,"scap_x_l050","scap_marg_l050",0.000560603106394178,6.01802054601987e-05,0.970109041465588,"B_covariate_dependent"
65,0.00790036553522055,0.000780438056641314,0.0279363214586551,0.00255062485222483,0.000760318372936453,0.0275738711996784,"scap_x_l050","trad",-0.00534974068299572,-2.01196837048614e-05,1.02646218271322,"B_covariate_dependent"
65,0.0042805069073929,0.000747794071209188,0.0273458236520531,0.0205463612816172,0.00113314556880609,0.0336622276269127,"ps_x_spline","ps_marg_logit",0.0162658543742243,0.000385351497596897,0.659927631360802,"B_covariate_dependent"
65,0.00351859061858299,0.000792612057614378,0.0281533667189979,0.00255062485222483,0.000760318372936452,0.0275738711996784,"ipcw_x","ipcw_marg",-0.000967965766358155,-3.22936846779266e-05,1.04247389755058,"B_covariate_dependent"
65,0.00790036553522055,0.000780438056641314,0.0279363214586551,0.0074654475792948,0.000779903085424436,0.027926744984413,"scap_x_l050","scap_marg_l050",-0.000434917955925756,-5.34971216877597e-07,1.00068594576285,"B_covariate_dependent"
66,0.00780151307947379,0.000778811953516907,0.0279072025383575,0.00266856003683783,0.000755077921673559,0.0274786812215135,"scap_x_l050","trad",-0.00513295304263596,-2.37340318433478e-05,1.03143255968966,"B_covariate_dependent"
66,0.004298247756319,0.000858049420328595,0.0292924806107061,0.00266856003683785,0.00075507792167356,0.0274786812215135,"ipcw_x","ipcw_marg",-0.00162968771948115,-0.000102971498655035,1.13637201631695,"B_covariate_dependent"
66,0.00780151307947379,0.000778811953516907,0.0279072025383575,0.00759262683400363,0.000778977959626082,0.0279101766319399,"scap_x_l050","scap_marg_l050",-0.000208886245470163,1.66006109175569e-07,0.999786892418297,"B_covariate_dependent"
66,0.00437966892703657,0.000757965179068265,0.0275311674120126,0.0209045756559256,0.00114137213022532,0.0337841994166699,"ps_x_spline","ps_marg_logit",0.016524906728889,0.000383406951157053,0.664082431133687,"B_covariate_dependent"
67,0.00191730147115525,0.00134364282042825,0.0366557338001608,0.000609601372070999,0.00076006699103301,0.0275693124874925,"ipcw_x","ipcw_marg",-0.00130770009908426,-0.000583575829395238,1.76779525526046,"B_covariate_dependent"
67,0.00462487073797833,0.000742739187492863,0.027253241779518,0.000609601372071023,0.000760066991033011,0.0275693124874925,"scap_x_l050","trad",-0.00401526936590731,1.73278035401473e-05,0.977202268030878,"B_covariate_dependent"
67,0.00124995224295489,0.000745202429920301,0.0272983961052715,0.0172713141665608,0.000994488238691462,0.031535507585759,"ps_x_spline","ps_marg_logit",0.0160213619236059,0.000249285808771161,0.749332572198974,"B_covariate_dependent"
67,0.00462487073797833,0.000742739187492863,0.027253241779518,0.00441633049793102,0.000751857477614068,0.0274200196501401,"scap_x_l050","scap_marg_l050",-0.000208540240047304,9.11829012120485e-06,0.987872315707838,"B_covariate_dependent"
68,0.00611205903790101,0.000662523610308451,0.0257395339955573,0.00155957703488236,0.000650295216102304,0.0255008865748292,"scap_x_l050","trad",-0.00455248200301865,-1.22283942061467e-05,1.01880437361886,"B_covariate_dependent"
68,0.00611205903790101,0.000662523610308451,0.0257395339955573,0.00638135233536743,0.00067370106236602,0.0259557520092564,"scap_x_l050","scap_marg_l050",0.000269293297466419,1.11774520575689e-05,0.983408884619665,"B_covariate_dependent"
68,0.00236019681284416,0.00261474306472736,0.0511345584192076,0.00155957703488242,0.000650295216102304,0.0255008865748292,"ipcw_x","ipcw_marg",-0.000800619777961733,-0.00196444784862505,4.02085545146622,"B_covariate_dependent"
68,0.00332520441382823,0.000667493587778452,0.0258358972706282,0.0176783711066598,0.000927819187651503,0.0304601245508206,"ps_x_spline","ps_marg_logit",0.0143531666928315,0.000260325599873051,0.719422056217669,"B_covariate_dependent"
69,0.00628719705697432,0.00112210293175299,0.0334978048796185,0.000292956751488841,0.00116940976787988,0.0341966338676759,"scap_x_l050","trad",-0.00599424030548548,4.7306836126886e-05,0.959546399024311,"B_covariate_dependent"
69,0.00150786036065122,0.00112885765383298,0.0335984769570434,0.0232314028435117,0.00157055857761431,0.0396302734991106,"ps_x_spline","ps_marg_logit",0.0217235424828605,0.000441700923781327,0.718761891420647,"B_covariate_dependent"
69,0.00628719705697432,0.00112210293175299,0.0334978048796185,0.00565003270575618,0.00111856358870291,0.0334449336776576,"scap_x_l050","scap_marg_l050",-0.000637164351218138,-3.53934305008063e-06,1.00316418582352,"B_covariate_dependent"
69,0.000977524091659985,0.00175383011941642,0.0418787549888535,0.000292956751488789,0.00116940976787988,0.0341966338676759,"ipcw_x","ipcw_marg",-0.000684567340171196,-0.00058442035153654,1.49975668716714,"B_covariate_dependent"
70,0.00719015646873122,0.00106045538377669,0.0325646339420035,0.00124499608774475,0.00109040087002105,0.0330212184817739,"scap_x_l050","trad",-0.00594516038098647,2.99454862443568e-05,0.972537176860673,"B_covariate_dependent"
70,0.00317943244161915,0.00259594442255541,0.0509504114071261,0.00124499608774482,0.00109040087002104,0.0330212184817739,"ipcw_x","ipcw_marg",-0.00193443635387433,-0.00150554355253436,2.38072482692105,"B_covariate_dependent"
70,0.00458332731343975,0.00107310961785282,0.032758351879373,0.0240441836536356,0.00151777671577859,0.0389586539266771,"ps_x_spline","ps_marg_logit",0.0194608563401958,0.000444667097925775,0.707027329314597,"B_covariate_dependent"
70,0.00719015646873122,0.00106045538377669,0.0325646339420035,0.0069428107935244,0.00107794709406564,0.0328321046243709,"scap_x_l050","scap_marg_l050",-0.000247345675206821,1.74917102889502e-05,0.98377312728496,"B_covariate_dependent"
71,0.00291610833892426,0.000998528863208102,0.0315995073254015,0.00364865873286121,0.00108437577970068,0.0329298615196099,"scap_x_l050","trad",0.000732550393936944,8.5846916492582e-05,0.920832871685609,"B_covariate_dependent"
71,0.00587020913823094,0.00531123188325786,0.0728781989572867,0.00364865873286116,0.00108437577970068,0.0329298615196099,"ipcw_x","ipcw_marg",-0.00222155040536977,-0.00422685610355718,4.89796248005825,"B_covariate_dependent"
71,0.00170238640475229,0.00102505233139998,0.032016438455893,0.0210105664954229,0.00139664025001908,0.0373716503518252,"ps_x_spline","ps_marg_logit",0.0193081800906706,0.000371587918619094,0.733941565400239,"B_covariate_dependent"
71,0.00291610833892426,0.000998528863208102,0.0315995073254015,0.00233350117086288,0.00101459257436463,0.031852669815333,"scap_x_l050","scap_marg_l050",-0.000582607168061385,1.60637111565251e-05,0.984167328282897,"B_covariate_dependent"
72,0.0160793405248372,0.00129081783800001,0.035927953434617,0.0099436797055148,0.0012012941740096,0.0346596909104741,"scap_x_l050","trad",-0.00613566081932236,-8.95236639904091e-05,1.07452268222662,"B_covariate_dependent"
72,0.0160793405248372,0.00129081783800001,0.035927953434617,0.0161314868557866,0.00131994920332874,0.0363311051762638,"scap_x_l050","scap_marg_l050",5.21463309493993e-05,2.91313653287349e-05,0.977929934534398,"B_covariate_dependent"
72,0.0134642822827574,0.00770598914968739,0.087783763588077,0.00994367970551482,0.0012012941740096,0.0346596909104741,"ipcw_x","ipcw_marg",-0.00352060257724258,-0.00650469497567779,6.41473946715886,"B_covariate_dependent"
72,0.012308663766574,0.00122642286037216,0.035020320677746,0.0358134421059208,0.00229630027968598,0.0479197274583859,"ps_x_spline","ps_marg_logit",0.0235047783393468,0.00106987741931382,0.534086448197391,"B_covariate_dependent"
73,0.00168804441271528,0.00627795142912395,0.0792335246541762,0.00167026505487519,0.00631680084200892,0.079478304222026,"scap_x_l050","scap_marg_l050",-1.77793578400867e-05,3.88494128849785e-05,0.993849827807358,"B_covariate_dependent"
73,0.00480860851806357,0.00725798809250776,0.0851938266103112,0.00240486160885038,0.00615035430161143,0.0784241946188255,"ps_x_spline","ps_marg_logit",-0.00240374690921319,-0.00110763379089634,1.18009268028772,"B_covariate_dependent"
73,0.00168804441271528,0.00627795142912395,0.0792335246541762,0.00203170909202401,0.0071727007218462,0.0846917984331789,"scap_x_l050","trad",0.000343664679308731,0.000894749292722258,0.875256290842154,"B_covariate_dependent"
73,0.00352607447005008,0.0120779365840177,0.109899665986834,0.00207126062888461,0.00717401553352006,0.0846995604092492,"ipcw_x","ipcw_marg",-0.00145481384116547,-0.0049039210504976,1.68356710793061,"B_covariate_dependent"
74,4.7872927948241e-05,0.00734907871708908,0.0857267677979817,0.00119580678030011,0.00651354404538468,0.080706530376325,"ps_x_spline","ps_marg_logit",0.00114793385235187,-0.000835534671704404,1.1282765059824,"B_covariate_dependent"
74,0.0021118502971454,0.0129664043076567,0.113870120346194,0.0019962927931847,0.00724159053202861,0.0850975354051374,"ipcw_x","ipcw_marg",-0.000115557503960697,-0.00572481377562804,1.79054646217677,"B_covariate_dependent"
74,0.00230402561422359,0.00651078037673445,0.0806894068433673,0.00216349175402523,0.00651451901679781,0.0807125703766013,"scap_x_l050","scap_marg_l050",-0.00014053386019836,3.73864006335874e-06,0.999426106508597,"B_covariate_dependent"
74,0.00230402561422359,0.00651078037673445,0.0806894068433673,0.00204378416745673,0.00724064816998958,0.0850919982723968,"scap_x_l050","trad",-0.000260241446766865,0.00072986779325513,0.899198555692814,"B_covariate_dependent"
75,0.00961964085234908,0.00737279602260803,0.0858649871752627,0.00905733115084174,0.00609757901137343,0.0780869964294531,"ps_x_spline","ps_marg_logit",-0.000562309701507334,-0.00127521701123461,1.20913497124941,"B_covariate_dependent"
75,0.00838804448754311,0.00630394185265104,0.0793973667866324,0.00734886724279254,0.00697039632899754,0.0834888994357785,"scap_x_l050","trad",-0.00103917724475057,0.000666454476346501,0.9043878647798,"B_covariate_dependent"
75,0.00194953243900809,0.0208645463903579,0.144445652029952,0.00738936134509282,0.00697170643694925,0.083496745067992,"ipcw_x","ipcw_marg",0.00543982890608473,-0.0138928399534087,2.99274597676377,"B_covariate_dependent"
75,0.00838804448754311,0.00630394185265104,0.0793973667866324,0.00814202469797993,0.00625903659790177,0.0791140733239148,"scap_x_l050","scap_marg_l050",-0.000246019789563172,-4.49052547492603e-05,1.00717446751539,"B_covariate_dependent"
76,0.00230401462521367,0.0241297305037687,0.155337472954109,0.0180377245982259,0.00710824010745875,0.0843103795950342,"ipcw_x","ipcw_marg",0.0157337099730122,-0.0170214903963099,3.39461387614764,"B_covariate_dependent"
76,0.0193753932071862,0.00788398761013576,0.0887918217525452,0.0181313652727654,0.00668013004760409,0.0817320625434357,"ps_x_spline","ps_marg_logit",-0.00124402793442086,-0.00120385756253167,1.18021468952741,"B_covariate_dependent"
76,0.0175448902292053,0.00664793495340182,0.0815348695553124,0.0180163298780188,0.0071074032874213,0.0843054167145937,"scap_x_l050","trad",0.000471439648813455,0.000459468334019479,0.935353558052257,"B_covariate_dependent"
76,0.0175448902292053,0.00664793495340182,0.0815348695553124,0.0177188770621121,0.00661258390190001,0.0813177957270118,"scap_x_l050","scap_marg_l050",0.000173986832906748,-3.53510515018031e-05,1.00534602691266,"B_covariate_dependent"
77,0.00284622011303372,0.0090993892963471,0.0953907191310932,0.00340081238495818,0.011623768062883,0.107813580141293,"scap_x_l050","trad",0.00055459227192446,0.00252437876653592,0.782826123776785,"B_covariate_dependent"
77,0.000750649082217412,0.0249852662801652,0.158067284028559,0.00341166214847131,0.0116242818673105,0.107815962952201,"ipcw_x","ipcw_marg",0.0026610130662539,-0.0133609844128547,2.14940299670711,"B_covariate_dependent"
77,0.00582549060682436,0.011135998032732,0.105527238345045,0.00406574151312632,0.00856796642607174,0.0925633103668605,"ps_x_spline","ps_marg_logit",-0.00175974909369804,-0.00256803160666029,1.29972475135359,"B_covariate_dependent"
77,0.00284622011303372,0.0090993892963471,0.0953907191310932,0.00291432949799835,0.00901375687747566,0.094940807229956,"scap_x_l050","scap_marg_l050",6.81093849646385e-05,-8.56324188714449e-05,1.00950019176637,"B_covariate_dependent"
78,0.0115613803737171,0.00945397807224008,0.0972315693190235,0.0117903611474664,0.0117852774969789,0.108560017948501,"scap_x_l050","trad",0.000228980773749228,0.00233129942473885,0.802185444904758,"B_covariate_dependent"
78,0.00610784462795477,0.0258210110153988,0.160689175165594,0.0118003586171704,0.0117861057835862,0.108563832760207,"ipcw_x","ipcw_marg",0.00569251398921563,-0.0140349052318126,2.19080088788598,"B_covariate_dependent"
78,0.0136060736392481,0.0112443969141238,0.106039600688251,0.0106668770139529,0.00869361778600251,0.0932395719960281,"ps_x_spline","ps_marg_logit",-0.00293919662529523,-0.00255077912812131,1.29340824394515,"B_covariate_dependent"
78,0.0115613803737171,0.00945397807224008,0.0972315693190235,0.0112060676526026,0.00935761296113478,0.0967347557041149,"scap_x_l050","scap_marg_l050",-0.000355312721114517,-9.63651111052944e-05,1.01029804411718,"B_covariate_dependent"
79,0.0010695151294539,0.0366529569272207,0.191449619814772,0.00640419209109501,0.0109320809313643,0.104556592003394,"ipcw_x","ipcw_marg",0.00533467696164111,-0.0257208759958564,3.35278865545743,"B_covariate_dependent"
79,0.00953232767581911,0.00896627553134677,0.0946904194274519,0.00639808254772629,0.0109317402252061,0.104554962700037,"scap_x_l050","trad",-0.00313424512809282,0.00196546469385934,0.82020568972839,"B_covariate_dependent"
79,0.00706801113537411,0.0114983691285488,0.107230448700678,0.0128016850873984,0.00879050349582261,0.0937576849960717,"ps_x_spline","ps_marg_logit",0.00573367395202432,-0.00270786563272619,1.30804442931091,"B_covariate_dependent"
79,0.00953232767581911,0.00896627553134677,0.0946904194274519,0.00921856932410269,0.00892897849042668,0.0944932721966315,"scap_x_l050","scap_marg_l050",-0.000313758351716424,-3.72970409200854e-05,1.00417707814618,"B_covariate_dependent"
80,0.0237916896259197,0.00883558097860693,0.0939977711363782,0.0216251259165023,0.0101533329611731,0.100763748248927,"scap_x_l050","trad",-0.0021665637094174,0.00131775198256613,0.870214836093203,"B_covariate_dependent"
80,0.0355945052266973,0.0383169322439316,0.19574711299003,0.0216277331652573,0.0101537388492829,0.100765762287014,"ipcw_x","ipcw_marg",-0.01396677206144,-0.0281631933946487,3.77367714619109,"B_covariate_dependent"
80,0.0237916896259197,0.00883558097860693,0.0939977711363782,0.0248389660988125,0.00883889173032657,0.0940153802860286,"scap_x_l050","scap_marg_l050",0.0010472764728928,3.31075171963909e-06,0.999625433615362,"B_covariate_dependent"
80,0.022044664139945,0.0110593462800293,0.105163426532371,0.0277519498750298,0.00887014286822532,0.0941814359002098,"ps_x_spline","ps_marg_logit",0.00570728573508487,-0.002189203411804,1.24680587949109,"B_covariate_dependent"
81,0.00372458977422255,0.00205467848822422,0.0453285615062316,0.00319641707840148,0.00229819814286263,0.0479395258931775,"scap_x_l050","trad",-0.000528172695821076,0.000243519654638412,0.894038877633465,"B_covariate_dependent"
81,0.00373618967001763,0.00219719360531394,0.0468742317837203,0.00363041102456176,0.00197556671294271,0.0444473476480061,"ps_x_spline","ps_marg_logit",-0.000105778645455863,-0.000221626892371225,1.11218395760531,"B_covariate_dependent"
81,0.00372458977422255,0.00205467848822422,0.0453285615062316,0.00364647585124162,0.00204091180606941,0.0451764518977466,"scap_x_l050","scap_marg_l050",-7.81139229809364e-05,-1.37666821548119e-05,1.00674535867443,"B_covariate_dependent"
81,0.00462657551295757,0.00264049036187834,0.0513857019206544,0.0032141680345523,0.00229834106740435,0.0479410165453795,"ipcw_x","ipcw_marg",-0.00141240747840527,-0.000342149294473992,1.14886793754262,"B_covariate_dependent"
82,0.0012408356843553,0.00212751792227875,0.0461250249027439,0.000607340688133347,0.00190525138162008,0.0436491853488709,"ps_x_spline","ps_marg_logit",-0.00063349499622195,-0.000222266540658666,1.11665995511294,"B_covariate_dependent"
82,0.00165581849764045,0.00299227737373999,0.0547017127130403,0.000514804630369208,0.00221973640296813,0.0471140786068043,"ipcw_x","ipcw_marg",-0.00114101386727124,-0.000772540970771859,1.3480327527804,"B_covariate_dependent"
82,0.000347616000844517,0.00199096313911959,0.0446202099851579,0.000497049922224412,0.00221962986942907,0.047112948001893,"scap_x_l050","trad",0.000149433921379895,0.000228666730309484,0.896979792235225,"B_covariate_dependent"
82,0.000347616000844517,0.00199096313911959,0.0446202099851579,0.000431664599403853,0.00199325669408033,0.044645903441193,"scap_x_l050","scap_marg_l050",8.40485985593358e-05,2.29355496074359e-06,0.998849342903222,"B_covariate_dependent"
83,0.00758857883179757,0.00721564241092729,0.0849449375238294,0.00632325445892874,0.00238837567174037,0.0488710105455205,"ipcw_x","ipcw_marg",-0.00126532437286883,-0.00482726673918691,3.02115052347245,"B_covariate_dependent"
83,0.00719092705184949,0.00237420502372369,0.0487258147568996,0.00723939177699188,0.00210470072962146,0.0458770174447016,"ps_x_spline","ps_marg_logit",4.84647251423912e-05,-0.000269504294102238,1.12804874836087,"B_covariate_dependent"
83,0.00676784956833503,0.00218420475399438,0.0467354763963564,0.00630785448727653,0.00238804790055859,0.0488676569988636,"scap_x_l050","trad",-0.000459995081058494,0.000203843146564202,0.914640260559044,"B_covariate_dependent"
83,0.00676784956833503,0.00218420475399438,0.0467354763963564,0.00702219753642049,0.00218157175098233,0.0467072986907007,"scap_x_l050","scap_marg_l050",0.000254347968085469,-2.63300301205733e-06,1.00120692936681,"B_covariate_dependent"
84,0.0127442943224021,0.00217449462766559,0.0466314767905284,0.0121721178602873,0.00233933450977612,0.0483666673420458,"scap_x_l050","trad",-0.000572176462114849,0.000164839882110531,0.929535566024584,"B_covariate_dependent"
84,0.0138573749306446,0.0106672976318021,0.10328261050052,0.0121814608902577,0.00233981419462338,0.0483716259249509,"ipcw_x","ipcw_marg",-0.00167591404038694,-0.00832748343717876,4.55903620736824,"B_covariate_dependent"
84,0.0127442943224021,0.00217449462766559,0.0466314767905284,0.0133655152383058,0.00217562439589882,0.046643589011769,"scap_x_l050","scap_marg_l050",0.000621220915903744,1.12976823323473e-06,0.999480715405028,"B_covariate_dependent"
84,0.0130118581948695,0.00230386609829528,0.0479986051703097,0.0141063740878623,0.00213978104484385,0.0462577674001226,"ps_x_spline","ps_marg_logit",0.00109451589299282,-0.000164085053451431,1.07668310449185,"B_covariate_dependent"
85,0.00333776296122195,0.0029034807451954,0.0538839562875203,0.00267791339555683,0.00360892240885103,0.0600743073938521,"scap_x_l050","trad",-0.000659849565665124,0.000705441663655628,0.804528448180126,"B_covariate_dependent"
85,0.00516106544567778,0.00340342372015604,0.0583388697195621,0.00417479887582088,0.00266011711375958,0.0515763231896147,"ps_x_spline","ps_marg_logit",-0.000986266569856898,-0.00074330660639646,1.27942627132906,"B_covariate_dependent"
85,0.00333776296122195,0.0029034807451954,0.0538839562875203,0.00345618058985816,0.00287613149740929,0.0536295767036184,"scap_x_l050","scap_marg_l050",0.000118417628636212,-2.73492477861088e-05,1.00950903942005,"B_covariate_dependent"
85,0.00718698529307825,0.00911989804122663,0.0954981572661307,0.00268124958507989,0.00360897149301884,0.0600747159212496,"ipcw_x","ipcw_marg",-0.00450573570799836,-0.00551092654820779,2.52700750307063,"B_covariate_dependent"
86,0.0100804106870995,0.00312469982990133,0.0558990145700381,0.00854500411178664,0.00269030523259959,0.0518681523923842,"ps_x_spline","ps_marg_logit",-0.00153540657531283,-0.000434394597301737,1.16146665888985,"B_covariate_dependent"
86,0.00948699709534077,0.00289557310288659,0.0538105296655459,0.00948736756049908,0.00348810005549301,0.0590601393114934,"scap_x_l050","trad",3.70465158308977e-07,0.000592526952606416,0.830129026352523,"B_covariate_dependent"
86,0.00948699709534077,0.00289557310288659,0.0538105296655459,0.00980325696185057,0.00288156273984451,0.0536801894542532,"scap_x_l050","scap_marg_l050",0.000316259866509801,-1.40103630420791e-05,1.00486207114228,"B_covariate_dependent"
86,0.0081268408463512,0.0117930007874096,0.108595583645973,0.00949152960484722,0.00348823213149193,0.0590612574492952,"ipcw_x","ipcw_marg",0.00136468875849603,-0.00830476865591766,3.38079587104935,"B_covariate_dependent"
87,0.00338465140790008,0.00282459618907455,0.0531469301942695,0.0012881855264377,0.00336834978261291,0.0580374860121707,"scap_x_l050","trad",-0.00209646588146238,0.000543753593538353,0.838569736330486,"B_covariate_dependent"
87,0.00294300426624874,0.00326178377799269,0.0571120283127179,0.00531572110075792,0.00259672929237386,0.0509581131163023,"ps_x_spline","ps_marg_logit",0.00237271683450919,-0.000665054485618833,1.25611236703494,"B_covariate_dependent"
87,0.00338465140790008,0.00282459618907455,0.0531469301942695,0.00444550076723841,0.00281923208333914,0.0530964413434568,"scap_x_l050","scap_marg_l050",0.00106084935933833,-5.36410573541033e-06,1.00190268327574,"B_covariate_dependent"
87,0.00741148156242374,0.0187310693118773,0.136861496820243,0.00129029834872841,0.0033683114755226,0.0580371559909908,"ipcw_x","ipcw_marg",-0.00612118321369533,-0.0153627578363547,5.56096710413967,"B_covariate_dependent"
88,0.0223543615266357,0.00335193992249562,0.0578959404664577,0.0242042022940418,0.0033787010341816,0.05812659489581,"scap_x_l050","scap_marg_l050",0.00184984076740609,2.67611116859866e-05,0.992079467400267,"B_covariate_dependent"
88,0.0231941249990027,0.00366711561270232,0.0605567140183673,0.0259011030319017,0.00342234932976532,0.058500848966193,"ps_x_spline","ps_marg_logit",0.00270697803289898,-0.000244766282937004,1.07151995876289,"B_covariate_dependent"
88,0.0416406567375086,0.0241099531418121,0.155273800564719,0.0213146019015793,0.0036808074759732,0.0606696586109828,"ipcw_x","ipcw_marg",-0.0203260548359293,-0.0204291456658389,6.55018044252301,"B_covariate_dependent"
88,0.0223543615266357,0.00335193992249562,0.0578959404664577,0.0213132842731055,0.00368069666269121,0.0606687453528686,"scap_x_l050","trad",-0.00104107725353019,0.000328756740195595,0.910680838351069,"B_covariate_dependent"
89,0.00135145108613478,0.00138493483548626,0.0372147126213043,0.000795982546891625,0.00119736967212139,0.0346030298112953,"ps_x_spline","ps_marg_logit",-0.000555468539243153,-0.000187565163364872,1.15664766507119,"B_covariate_dependent"
89,0.00198990233990609,0.00147447669348569,0.0383989152644406,0.00124782973846848,0.00141118719760336,0.0375657716226269,"ipcw_x","ipcw_marg",-0.00074207260143761,-6.32894958823356e-05,1.04484840564726,"B_covariate_dependent"
89,0.00116113026137808,0.00125615671169786,0.0354423011625637,0.00123259021028416,0.00141098872956214,0.037563129922334,"scap_x_l050","trad",7.14599489060827e-05,0.000154832017864279,0.890267005950978,"B_covariate_dependent"
89,0.00116113026137808,0.00125615671169786,0.0354423011625637,0.00110054952716693,0.00125041308998488,0.0353611805513459,"scap_x_l050","scap_marg_l050",-6.05807342111439e-05,-5.74362171298025e-06,1.00459337938717,"B_covariate_dependent"
90,0.00138910794468017,0.00164798737797106,0.0405954107993879,0.0010864152324901,0.0014606760686051,0.0382187920872063,"ipcw_x","ipcw_marg",-0.000302692712190066,-0.000187311309365955,1.12823603630669,"B_covariate_dependent"
90,0.000738516219657681,0.00140097492637806,0.0374295996021606,0.00133752774033221,0.00127555945393752,0.0357149752056125,"ps_x_spline","ps_marg_logit",0.000599011520674534,-0.000125415472440539,1.09832193399798,"B_covariate_dependent"
90,0.00102556546770473,0.00133379208919108,0.0365211184000584,0.00110002875277986,0.00146062615261973,0.0382181390522842,"scap_x_l050","trad",7.44632850751337e-05,0.000126834063428651,0.913164595060026,"B_covariate_dependent"
90,0.00102556546770473,0.00133379208919108,0.0365211184000584,0.000976660973363484,0.00131849017279744,0.0363110199911465,"scap_x_l050","scap_marg_l050",-4.89044943412468e-05,-1.53019163936442e-05,1.01160563552869,"B_covariate_dependent"
91,0.00507246575798813,0.00136508427183395,0.0369470468621505,0.00590055531694201,0.00123980941223902,0.035210927454968,"ps_x_spline","ps_marg_logit",0.000828089558953884,-0.000125274859594925,1.101043642965,"B_covariate_dependent"
91,0.00606985202197733,0.00285431195885908,0.0534257611911995,0.00458108722737263,0.00137573227636928,0.0370908651337398,"ipcw_x","ipcw_marg",-0.00148876479460469,-0.0014785796824898,2.0747582999157,"B_covariate_dependent"
91,0.00507566755356475,0.00127319298846973,0.0356818299484447,0.00456946809435635,0.00137555549256174,0.0370884819392994,"scap_x_l050","trad",-0.000506199459208398,0.00010236250409201,0.925584605895196,"B_covariate_dependent"
91,0.00507566755356475,0.00127319298846973,0.0356818299484447,0.00549012274711196,0.00126489607813797,0.0355653775199697,"scap_x_l050","scap_marg_l050",0.000414455193547205,-8.29691033175949e-06,1.00655936125913,"B_covariate_dependent"
92,0.017250824083097,0.00149108257199507,0.0386145383501482,0.016793728231456,0.00155618252587466,0.0394484793860886,"scap_x_l050","trad",-0.000457095851640946,6.50999538795891e-05,0.95816689058181,"B_covariate_dependent"
92,0.019306622223735,0.0059311733169506,0.0770141111547137,0.0168005150356253,0.00155644166681208,0.039451763798493,"ipcw_x","ipcw_marg",-0.00250610718810976,-0.00437473165013851,3.81072637890688,"B_covariate_dependent"
92,0.017250824083097,0.00149108257199507,0.0386145383501482,0.0179571715758368,0.00150997936894112,0.0388584529921242,"scap_x_l050","scap_marg_l050",0.000706347492739814,1.88967969460558e-05,0.987485393949914,"B_covariate_dependent"
92,0.0171998306014124,0.00156118336592546,0.0395118129921352,0.0188279727311913,0.00151124313344077,0.0388747107184191,"ps_x_spline","ps_marg_logit",0.00162814212977895,-4.99402324846932e-05,1.03304579612613,"B_covariate_dependent"
93,0.00217144160906024,0.00182632025479379,0.0427354683464893,0.00203338754682471,0.00225717435272033,0.0475097290322765,"scap_x_l050","trad",-0.000138054062235524,0.000430854097926548,0.8091179365886,"B_covariate_dependent"
93,0.00816906028866038,0.00419533754194153,0.0647714253505473,0.00203683494985203,0.00225719015054558,0.0475098952908294,"ipcw_x","ipcw_marg",-0.00613222533880835,-0.00193814739139595,1.85865490372067,"B_covariate_dependent"
93,0.00217144160906024,0.00182632025479379,0.0427354683464893,0.00233501981587992,0.00180689281451538,0.0425075618509858,"scap_x_l050","scap_marg_l050",0.00016357820681968,-1.94274402784034e-05,1.01075184987307,"B_covariate_dependent"
93,0.0025917723241796,0.00212511788203908,0.0460990008789679,0.00123308316856343,0.00166086892021617,0.0407537595838245,"ps_x_spline","ps_marg_logit",-0.00135868915561617,-0.000464248961822911,1.27952173478115,"B_covariate_dependent"
94,0.00200547276759897,0.00646726039725162,0.0804192787660498,0.00267822527649951,0.00218519843146316,0.0467461060566884,"ipcw_x","ipcw_marg",0.000672752508900547,-0.00428206196578846,2.95957580059276,"B_covariate_dependent"
94,0.00326611408024471,0.00185367702499105,0.0430543496640124,0.00267506847636841,0.00218518138615403,0.0467459237383756,"scap_x_l050","trad",-0.000591045603876304,0.000331504361162978,0.848294350636752,"B_covariate_dependent"
94,0.00331310835734434,0.00199804125854641,0.044699454790259,0.00201096574253382,0.00172528810015439,0.0415365874880736,"ps_x_spline","ps_marg_logit",-0.00130214261481051,-0.000272753158392022,1.15809136941686,"B_covariate_dependent"
94,0.00326611408024471,0.00185367702499105,0.0430543496640124,0.00349896300008076,0.00182118403583773,0.0426753328731918,"scap_x_l050","scap_marg_l050",0.000232848919836051,-3.24929891533203e-05,1.01784168349487,"B_covariate_dependent"
95,0.00175933415548252,0.00188738231231689,0.0434440135383103,0.00383211811252287,0.00162557223866649,0.0403183858638524,"ps_x_spline","ps_marg_logit",0.00207278395704035,-0.000261810073650396,1.16105717569658,"B_covariate_dependent"
95,0.00217151879687287,0.0017260726172973,0.0415460301027342,0.00131632087990405,0.00201996546540921,0.0449440259145663,"scap_x_l050","trad",-0.000855197916968821,0.000293892848111907,0.854506003620032,"B_covariate_dependent"
95,0.00769847196223187,0.00988908349507648,0.0994438710784957,0.00131813711829939,0.00201998326322376,0.0449442239139109,"ipcw_x","ipcw_marg",-0.00638033484393247,-0.00786910023185272,4.89562645152522,"B_covariate_dependent"
95,0.00217151879687287,0.0017260726172973,0.0415460301027342,0.00357245113668531,0.00169795963948811,0.041206305821902,"scap_x_l050","scap_marg_l050",0.00140093233981244,-2.81129778091861e-05,1.01655691758236,"B_covariate_dependent"
96,0.0187616889785812,0.00209529806553369,0.0457744258897225,0.0179334780313841,0.00233731908348089,0.0483458279842313,"scap_x_l050","trad",-0.000828210947197105,0.000242021017947193,0.896453582372348,"B_covariate_dependent"
96,0.0184024032711971,0.00228083965966206,0.0477581371041843,0.0232620699315774,0.00212409209606921,0.0460878736336274,"ps_x_spline","ps_marg_logit",0.00485966666038028,-0.000156747563592855,1.07379508820871,"B_covariate_dependent"
96,0.0187616889785812,0.00209529806553369,0.0457744258897225,0.0207875714134541,0.00215599847359726,0.0464327306282676,"scap_x_l050","scap_marg_l050",0.00202588243487295,6.07004080635694e-05,0.971845801930327,"B_covariate_dependent"
96,0.0274813913168364,0.013099301877743,0.114452181620723,0.0179343893259173,0.00233734574021491,0.0483461036714947,"ipcw_x","ipcw_marg",-0.00954700199091908,-0.0107619561375281,5.60434926351057,"B_covariate_dependent"
97,0.021988658498024,0.00477323451979238,0.069088599057966,0.00504019215987152,0.00462478782979669,0.0680057926194283,"scap_x_l050","trad",-0.0169484663381525,-0.000148446689995689,1.03209805410732,"B_covariate_dependent"
97,0.011203765523537,0.00511940992540123,0.0715500518895775,0.0302793310514397,0.00519500667538452,0.0720763947168871,"ps_x_spline","ps_marg_logit",0.0190755655279026,7.55967499832897e-05,0.985448190020334,"B_covariate_dependent"
97,0.021988658498024,0.00477323451979238,0.069088599057966,0.0212541659709966,0.00474928794812086,0.0689150777995706,"scap_x_l050","scap_marg_l050",-0.000734492527027446,-2.39465716715143e-05,1.00504213935501,"B_covariate_dependent"
97,0.00767057722078961,0.00713427147930937,0.0844646167297844,0.00489428484334287,0.00462413688391366,0.0680010064919164,"ipcw_x","ipcw_marg",-0.00277629237744674,-0.00251013459539571,1.54283310775853,"B_covariate_dependent"
98,0.00143213676982866,0.00517319822063314,0.0719249485271497,0.0175788918077387,0.00487260875470816,0.0698040740552309,"ps_x_spline","ps_marg_logit",0.01614675503791,-0.000300589465924971,1.06168963712396,"B_covariate_dependent"
98,0.0108967019341771,0.00462339075431522,0.0679955201047482,0.0054050202638452,0.00486992775151542,0.0697848676398789,"scap_x_l050","trad",-0.00549168167033189,0.000246536997200202,0.949375635578272,"B_covariate_dependent"
98,0.00910653559774426,0.00899252827057268,0.0948289421567734,0.00555257673120872,0.00487068450853571,0.0697902895003002,"ipcw_x","ipcw_marg",-0.00355395886653553,-0.00412184376203696,1.84625554268883,"B_covariate_dependent"
98,0.0108967019341771,0.00462339075431522,0.0679955201047482,0.0105063843114256,0.00459814768465457,0.0678096430063938,"scap_x_l050","scap_marg_l050",-0.000390317622751471,-2.52430696606439e-05,1.00548983447071,"B_covariate_dependent"
99,0.0119038010576222,0.00620537945417187,0.0787742309018112,0.00174664360854967,0.00524133673081972,0.0723970768112893,"ps_x_spline","ps_marg_logit",-0.0101571574490725,-0.000964042723352148,1.18393069799989,"B_covariate_dependent"
99,0.00356893027007704,0.00512456542365861,0.0715860700392095,0.00460031378608201,0.00517234676516184,0.0719190292284444,"scap_x_l050","scap_marg_l050",0.00103138351600496,4.7781341503233e-05,0.990762154265243,"B_covariate_dependent"
99,0.0301717572353052,0.0228147596534536,0.151045554894719,0.0181510338823701,0.00571436009741984,0.075593386598431,"ipcw_x","ipcw_marg",-0.0120207233529351,-0.0171003995560338,3.99253096838524,"B_covariate_dependent"
99,0.00356893027007704,0.00512456542365861,0.0715860700392095,0.0180047945601175,0.00570809203382324,0.0755519161492496,"scap_x_l050","trad",0.0144358642900404,0.000583526610164631,0.89777203893929,"B_covariate_dependent"
100,0.027786032820056,0.00631258248725021,0.0794517620147609,0.028436979712284,0.00639171895622549,0.0799482267234583,"scap_x_l050","scap_marg_l050",0.000650946892227989,7.91364689752818e-05,0.987618906663879,"B_covariate_dependent"
100,0.0333885313460393,0.00805045268161677,0.0897243148851902,0.0251827024983519,0.00622859061068468,0.0789214204806571,"ps_x_spline","ps_marg_logit",-0.00820582884768742,-0.00182186207093209,1.29249989039363,"B_covariate_dependent"
100,0.027786032820056,0.00631258248725021,0.0794517620147609,0.0383262627154215,0.00739724204980178,0.0860072209166288,"scap_x_l050","trad",0.0105402298953655,0.00108465956255157,0.853369734929704,"B_covariate_dependent"
100,0.0171992773910237,0.0236371192742262,0.153743680436713,0.0384342673024857,0.00740703813757376,0.0860641512917763,"ipcw_x","ipcw_marg",0.021234989911462,-0.0162300811366524,3.19117018640986,"B_covariate_dependent"
101,0.0343153921518781,0.00803750706615619,0.0896521447939545,0.032726491460501,0.00791479896532698,0.0889651559057082,"scap_x_l050","scap_marg_l050",-0.00158890069137708,-0.000122708100829212,1.01550362824966,"B_covariate_dependent"
101,0.0195121715804482,0.00876631372665001,0.0936285945993531,0.0404835957810331,0.00878165704488653,0.0937104959163408,"ps_x_spline","ps_marg_logit",0.0209714242005849,1.5343318236518e-05,0.998252799197453,"B_covariate_dependent"
101,0.0343153921518781,0.00803750706615619,0.0896521447939545,0.00618632647051665,0.00803535584667484,0.0896401464003425,"scap_x_l050","trad",-0.0281290656813614,-2.15121948134514e-06,1.00026771925505,"B_covariate_dependent"
101,0.0485535655027346,0.0210684191714853,0.145149644062551,0.00613050157043449,0.0080355032353943,0.0896409685099079,"ipcw_x","ipcw_marg",-0.0424230639323001,-0.013032915936091,2.62191658123967,"B_covariate_dependent"
102,0.000703247983557462,0.0084972761913997,0.0921806714631636,0.00905113217383984,0.00734444363624378,0.0856997294992451,"ps_x_spline","ps_marg_logit",0.00834788419028238,-0.00115283255515592,1.15696662841374,"B_covariate_dependent"
102,0.041858141928168,0.0197594963932358,0.140568475816009,0.0187721425283396,0.00868429361293044,0.0931895574242653,"ipcw_x","ipcw_marg",-0.0230859993998285,-0.0110752027803053,2.27531417913081,"B_covariate_dependent"
102,0.00702548600144631,0.00712812728893631,0.0844282375093565,0.0187176990657988,0.0086824840617362,0.0931798479379324,"scap_x_l050","trad",0.0116922130643525,0.00155435677279988,0.82097787202974,"B_covariate_dependent"
102,0.00702548600144631,0.00712812728893631,0.0844282375093565,0.00427154778478475,0.00712311733005056,0.0843985623695722,"scap_x_l050","scap_marg_l050",-0.00275393821666156,-5.00995888575318e-06,1.00070333797039,"B_covariate_dependent"
103,0.00183017677477977,0.0101448026048698,0.100721410856231,0.0175126314854488,0.008577619178829,0.0926154370438805,"ps_x_spline","ps_marg_logit",0.0156824547106691,-0.00156718342604077,1.18270610916242,"B_covariate_dependent"
103,0.0637236525875428,0.042614938653196,0.206433860239051,0.00846823340685719,0.0089805619286908,0.0947658267979064,"ipcw_x","ipcw_marg",-0.0552554191806857,-0.0336343767245052,4.74524188926878,"B_covariate_dependent"
103,0.0133952122021897,0.00782214594436277,0.0884428965172601,0.0111755792919058,0.00782312631349454,0.088448438728417,"scap_x_l050","scap_marg_l050",-0.00221963291028393,9.80369131767939e-07,0.999874683203047,"B_covariate_dependent"
103,0.0133952122021897,0.00782214594436277,0.0884428965172601,0.00841979792488112,0.00898092570836675,0.0947677461395318,"scap_x_l050","trad",-0.00497541427730862,0.00115877976400398,0.870973237989883,"B_covariate_dependent"
104,0.032661069225116,0.011440729246447,0.106961344636495,0.0183568873978133,0.00935166041500164,0.0967039834495024,"ps_x_spline","ps_marg_logit",-0.0143041818273026,-0.00208906883144532,1.22339015091845,"B_covariate_dependent"
104,0.00497823810237417,0.0370555565391597,0.192498198794585,0.0399667608836362,0.0116225238846548,0.107807809942763,"ipcw_x","ipcw_marg",0.034988522781262,-0.0254330326545049,3.1882538514792,"B_covariate_dependent"
104,0.0242949947616846,0.00929462899078383,0.0964086562025622,0.0399402828906457,0.0116202669037995,0.107797341821584,"scap_x_l050","trad",0.0156452881289611,0.00232563791301568,0.799863640631588,"B_covariate_dependent"
104,0.0242949947616846,0.00929462899078383,0.0964086562025622,0.0251034058318233,0.00935421064702209,0.0967171683157757,"scap_x_l050","scap_marg_l050",0.000808411070138723,5.95816562382629e-05,0.993630498768249,"B_covariate_dependent"
105,0.00143642025451754,0.00194655205477192,0.0441197467668607,0.000349673731101598,0.00161005138603646,0.0401254456179176,"ipcw_x","ipcw_marg",-0.00108674652341595,-0.000336500668735452,1.20899995593546,"B_covariate_dependent"
105,0.0139178591401038,0.00167496820825706,0.0409263754595622,0.000442300694280533,0.00160981364634615,0.0401224830530982,"scap_x_l050","trad",-0.0134755584458233,-6.51545619109028e-05,1.0404733566887,"B_covariate_dependent"
105,0.0139178591401038,0.00167496820825706,0.0409263754595622,0.0132639683377139,0.00167279933811175,0.0408998696588602,"scap_x_l050","scap_marg_l050",-0.00065389080238991,-2.16887014530443e-06,1.00129655129333,"B_covariate_dependent"
105,0.00956260940605591,0.00162192547701272,0.0402731359222587,0.0296762743483583,0.00229477329603543,0.0479037920840869,"ps_x_spline","ps_marg_logit",0.0201136649423024,0.000672847819022708,0.706791158767119,"B_covariate_dependent"
106,0.0096554211378254,0.0016524368324755,0.0406501762908293,0.00223695041984146,0.00164409489374365,0.0405474400393373,"scap_x_l050","trad",-0.00741847071798394,-8.34193873184533e-06,1.00507387910734,"B_covariate_dependent"
106,0.00565851435448907,0.00165023528137405,0.0406230880334577,0.0233555781127772,0.00203290397529282,0.045087736417931,"ps_x_spline","ps_marg_logit",0.0176970637582881,0.000382668693918774,0.811762533513835,"B_covariate_dependent"
106,0.0096554211378254,0.0016524368324755,0.0406501762908293,0.00938058686385696,0.00164467091533134,0.0405545424746889,"scap_x_l050","scap_marg_l050",-0.000274834273968436,-7.76591714415323e-06,1.0047218668925,"B_covariate_dependent"
106,0.000489254166615631,0.00227014780490644,0.0476460680949272,0.00233830065824487,0.00164474641336172,0.0405554732848936,"ipcw_x","ipcw_marg",0.00184904649162923,-0.000625401391544726,1.3802418333088,"B_covariate_dependent"
107,0.00141246372594738,0.00165354798165577,0.0406638412063564,0.0131269007860762,0.00190713454542898,0.0436707516013748,"scap_x_l050","trad",0.0117144370601288,0.000253586563773209,0.867032682942582,"B_covariate_dependent"
107,0.00467174656757455,0.00173523388713445,0.0416561386488769,0.010533572238807,0.0017967053218702,0.0423875609332526,"ps_x_spline","ps_marg_logit",0.00586182567123245,6.14714347357431e-05,0.965786579475505,"B_covariate_dependent"
107,0.0125586311312338,0.00503487444982471,0.0709568492100989,0.0132146877080375,0.00191003723984907,0.0437039728153982,"ipcw_x","ipcw_marg",0.000656056576803709,-0.00312483720997564,2.63600852631678,"B_covariate_dependent"
107,0.00141246372594738,0.00165354798165577,0.0406638412063564,0.00241946842071086,0.00166859649583056,0.040848457692189,"scap_x_l050","scap_marg_l050",0.00100700469476348,1.50485141747884e-05,0.990981334185712,"B_covariate_dependent"
108,0.0357224648240758,0.00327739127784222,0.0572485045904451,0.0443730125887531,0.00404900253084026,0.0636317729663433,"scap_x_l050","trad",0.00865054776467734,0.000771611252998044,0.809431768164907,"B_covariate_dependent"
108,0.0379025048175615,0.00352268530499451,0.0593522139856174,0.0267669658915211,0.00272021341011266,0.0521556651775496,"ps_x_spline","ps_marg_logit",-0.0111355389260404,-0.000802471894881852,1.29500328610196,"B_covariate_dependent"
108,0.0357224648240758,0.00327739127784222,0.0572485045904451,0.0362853432557599,0.0033161996249542,0.0575864534847754,"scap_x_l050","scap_marg_l050",0.000562878431684101,3.88083471119811e-05,0.988297342892162,"B_covariate_dependent"
108,0.0354219880324541,0.00876921986944272,0.0936441128392101,0.0444413337521149,0.00405580023443744,0.0636851649478702,"ipcw_x","ipcw_marg",0.00901934571966079,-0.00471341963500528,2.16214294653471,"B_covariate_dependent"
109,0.0161869039422641,0.00240831521177512,0.0490745882486559,0.0142611264967266,0.00236647874394379,0.0486464669214917,"scap_x_l050","scap_marg_l050",-0.00192577744553755,-4.18364678313296e-05,1.01767878453943,"B_covariate_dependent"
109,0.00793383375757222,0.00242704390242397,0.049265037322872,0.0328034552861274,0.00314991986782413,0.0561241469229077,"ps_x_spline","ps_marg_logit",0.0248696215285552,0.000722875965400155,0.770509728585732,"B_covariate_dependent"
109,0.0161869039422641,0.00240831521177512,0.0490745882486559,0.00359155328892956,0.00246983631480738,0.0496974477695523,"scap_x_l050","trad",-0.0125953506533346,6.1521103032263e-05,0.975091020136263,"B_covariate_dependent"
109,0.00170579175114074,0.00570369282235087,0.0755227967063646,0.00362699642561105,0.00246998700144717,0.049698963786453,"ipcw_x","ipcw_marg",0.00192120467447031,-0.00323370582090371,2.30919952979877,"B_covariate_dependent"
110,0.00794808323674291,0.0024718629060285,0.0497178328774344,0.00785046090194827,0.00242749060259654,0.0492695707571777,"ps_x_spline","ps_marg_logit",-9.76223347946368e-05,-4.43723034319627e-05,1.01827908350479,"B_covariate_dependent"
110,0.00787726280524402,0.00720614637620021,0.0848890238853069,0.0242437418915664,0.00320534993183229,0.056615809910592,"ipcw_x","ipcw_marg",0.0163664790863224,-0.00400079644436792,2.24816214436872,"B_covariate_dependent"
110,0.00607206894515709,0.00242579087774363,0.0492523185011998,0.00772717822366507,0.0024569945646705,0.0495680800986935,"scap_x_l050","scap_marg_l050",0.00165510927850798,3.12036869268683e-05,0.987300058626278,"B_covariate_dependent"
110,0.00607206894515709,0.00242579087774363,0.0492523185011998,0.0242106332988242,0.00320371403877497,0.0566013607502061,"scap_x_l050","trad",0.0181385643536672,0.00077792316103134,0.757180837110918,"B_covariate_dependent"
111,0.00252810900208844,0.00273413362139222,0.0522889435865004,0.0170550309888105,0.00270442623791604,0.0520040982800014,"ps_x_spline","ps_marg_logit",0.0145269219867221,-2.97073834761821e-05,1.01098472683769,"B_covariate_dependent"
111,0.00460327032640953,0.013994324858778,0.118297611382386,0.0150303350021176,0.00300976452221784,0.0548613208209376,"ipcw_x","ipcw_marg",0.0104270646757081,-0.0109845603365601,4.64964111161288,"B_covariate_dependent"
111,0.00175636545421783,0.00249366764895301,0.049936636339996,0.0150020933997938,0.00300898188053398,0.0548541874475776,"scap_x_l050","trad",0.0132457279455759,0.000515314231580978,0.828741331107807,"B_covariate_dependent"
111,0.00175636545421783,0.00249366764895301,0.049936636339996,0.000254920655679704,0.00252573169557052,0.0502566582212797,"scap_x_l050","scap_marg_l050",-0.00150144479853813,3.2064046617515e-05,0.987305046425261,"B_covariate_dependent"
112,0.0282021862457979,0.00370952827193161,0.0609058968568037,0.0431135630775366,0.00500371687876161,0.0707369555378347,"scap_x_l050","trad",0.0149113768317387,0.00129418860683,0.741354549390432,"B_covariate_dependent"
112,0.0301184876797227,0.00409165079724438,0.0639660128290358,0.0125150324874361,0.00300455029060362,0.0548137782916269,"ps_x_spline","ps_marg_logit",-0.0176034551922866,-0.00108710050664075,1.36181804313295,"B_covariate_dependent"
112,0.0282021862457979,0.00370952827193161,0.0609058968568037,0.0294127504090239,0.00378271331231217,0.0615037666514187,"scap_x_l050","scap_marg_l050",0.00121056416322596,7.31850403805586e-05,0.980652765795824,"B_covariate_dependent"
112,0.0540384143316386,0.0177435577317874,0.133204946348803,0.043132687240485,0.00500550608132255,0.0707496012803079,"ipcw_x","ipcw_marg",-0.0109057270911536,-0.0127380516504649,3.54480794619257,"B_covariate_dependent"
113,0.0140394534154382,0.00107616349738392,0.0328049309919091,0.0133453552521887,0.00105287823894424,0.0324480852893394,"scap_x_l050","scap_marg_l050",-0.000694098163249491,-2.32852584396738e-05,1.0221158131856,"B_covariate_dependent"
113,0.0130775379037143,0.00108177382399411,0.0328903302506087,0.0322899973442709,0.00188781518702488,0.0434489952360798,"ps_x_spline","ps_marg_logit",0.0192124594405566,0.000806041363030779,0.573029516569858,"B_covariate_dependent"
113,0.0140394534154382,0.00107616349738392,0.0328049309919091,0.00236197715665702,0.000910297590432587,0.030171138368192,"scap_x_l050","trad",-0.0116774762587811,-0.000165865906951328,1.18221064044837,"B_covariate_dependent"
113,0.00157628953618078,0.000971616697564347,0.0311707667144128,0.00227668855418984,0.0009099349936597,0.030165128769155,"ipcw_x","ipcw_marg",0.00070039901800906,-6.16817039046468e-05,1.0677869345991,"B_covariate_dependent"
114,0.00705084120165218,0.000995822160731454,0.0315566500239087,0.0241932537261703,0.00150799904079735,0.0388329633275308,"ps_x_spline","ps_marg_logit",0.0171424125245181,0.000512176880065896,0.660359943070598,"B_covariate_dependent"
114,0.00829886094364605,0.000998311064094513,0.031596060895221,0.00800893427363138,0.000993746482549672,0.0315237447418557,"scap_x_l050","scap_marg_l050",-0.00028992667001467,-4.56458154484037e-06,1.00459330586321,"B_covariate_dependent"
114,0.000616456726333921,0.00109264046215049,0.0330551124964125,0.00191163939692269,0.00096987745011403,0.0311428555228006,"ipcw_x","ipcw_marg",0.00129518267058877,-0.000122763012036459,1.12657579782067,"B_covariate_dependent"
114,0.00829886094364605,0.000998311064094513,0.031596060895221,0.00182184405188051,0.00096931410448979,0.0311338096687474,"scap_x_l050","trad",-0.00647701689176554,-2.8996959604723e-05,1.02991492589493,"B_covariate_dependent"
115,0.00436684156167054,0.0010589118154885,0.0325409252402033,0.0104417778435866,0.00108380865906782,0.0329212493546011,"ps_x_spline","ps_marg_logit",0.00607493628191607,2.48968435793205e-05,0.977028377314558,"B_covariate_dependent"
115,0.0043219442374759,0.00102936696856583,0.0320837492909701,0.00537260272485831,0.00104017772386678,0.0322517863670647,"scap_x_l050","scap_marg_l050",0.00105065848738241,1.08107553009526e-05,0.989606819053224,"B_covariate_dependent"
115,0.0043219442374759,0.00102936696856583,0.0320837492909701,0.0146535647973882,0.00127055988090649,0.0356449138153888,"scap_x_l050","trad",0.0103316205599123,0.000241192912340667,0.810168008635228,"B_covariate_dependent"
115,0.0148941927043472,0.00280081154746629,0.0529226940684835,0.0147318899651406,0.00127296562922816,0.0356786438815737,"ipcw_x","ipcw_marg",-0.000162302739206522,-0.00152784591823813,2.20022558595279,"B_covariate_dependent"
116,0.0339790083039315,0.00236672237317143,0.0486489709364076,0.0229711378139632,0.001632791363034,0.0404078131434257,"ps_x_spline","ps_marg_logit",-0.0110078704899682,-0.000733931010137423,1.4494946670796,"B_covariate_dependent"
116,0.0339351026384209,0.00231930868735574,0.048159201481708,0.0346185691031105,0.00236178895123289,0.0485982402071607,"scap_x_l050","scap_marg_l050",0.000683466464689635,4.24802638771503e-05,0.982013522480502,"B_covariate_dependent"
116,0.0339351026384209,0.00231930868735574,0.048159201481708,0.0419106880919748,0.00298384034568543,0.0546245397755023,"scap_x_l050","trad",0.00797558545355396,0.000664531658329691,0.777289807314728,"B_covariate_dependent"
116,0.0336343365452698,0.00515762204624718,0.0718165861500474,0.0419714705985792,0.00298898758917238,0.0546716342281112,"ipcw_x","ipcw_marg",0.0083371340533094,-0.0021686344570748,1.72554147261457,"B_covariate_dependent"
117,0.00868832602910994,0.00155045240935001,0.0393757845553585,0.0364061806728536,0.00266266095425166,0.0516009782296001,"ps_x_spline","ps_marg_logit",0.0277178546437436,0.00111220854490165,0.582294342384932,"B_covariate_dependent"
117,0.00335917245658587,0.00304210051323096,0.05515524012486,0.00319830304692388,0.00153021513959605,0.0391179644101792,"ipcw_x","ipcw_marg",-0.000160869409661985,-0.00151188537363491,1.9880214451636,"B_covariate_dependent"
117,0.0132630097038476,0.00153747316039018,0.0392106256056975,0.0120036515489077,0.00152310739638491,0.0390270085502964,"scap_x_l050","scap_marg_l050",-0.00125935815493996,-1.43657640052767e-05,1.00943187856574,"B_covariate_dependent"
117,0.0132630097038476,0.00153747316039018,0.0392106256056975,0.00316504171401386,0.00153004606199814,0.0391158032257826,"scap_x_l050","trad",-0.0100979679898338,-7.42709839203991e-06,1.00485416653558,"B_covariate_dependent"
118,0.00712968519659446,0.00156375225041444,0.0395443074337437,0.00804979695352477,0.00146403990009942,0.0382627743387672,"ps_x_spline","ps_marg_logit",0.000920111756930312,-9.97123503150156e-05,1.06810767268586,"B_covariate_dependent"
118,0.00868594274966858,0.0015112619448716,0.03887495266713,0.0234569610388767,0.00210868102162819,0.0459203769761114,"scap_x_l050","trad",0.0147710182892081,0.000597419076756584,0.716685894818129,"B_covariate_dependent"
118,0.00435040644790298,0.00465455549599112,0.0682243028252478,0.0234867178992522,0.0021102057994426,0.0459369763855067,"ipcw_x","ipcw_marg",0.0191363114513492,-0.00254434969654851,2.20573533501831,"B_covariate_dependent"
118,0.00868594274966858,0.0015112619448716,0.03887495266713,0.010294101686118,0.00155846815738008,0.0394774385868699,"scap_x_l050","scap_marg_l050",0.00160815893644941,4.72062125084795e-05,0.969709863955233,"B_covariate_dependent"
119,0.0200216148369407,0.00714196250103695,0.084510132534726,0.013516930113293,0.00183401198153521,0.0428253660992549,"ipcw_x","ipcw_marg",-0.00650468472364762,-0.00530795051950174,3.89417439631914,"B_covariate_dependent"
119,0.000107761444326816,0.00160944445135858,0.0401178819400847,0.0208212212715524,0.0018835029964945,0.0433993432726176,"ps_x_spline","ps_marg_logit",0.0207134598272256,0.000274058545135922,0.854495296452414,"B_covariate_dependent"
119,0.00124114283880129,0.00152710147009612,0.0390781456839513,0.0134915747371019,0.00183327064749707,0.0428167099097662,"scap_x_l050","trad",0.0122504318983006,0.000306169177400948,0.832992920156686,"B_covariate_dependent"
119,0.00124114283880129,0.00152710147009612,0.0390781456839513,7.25311578266169e-05,0.00153067517734942,0.0391238441024067,"scap_x_l050","scap_marg_l050",-0.00116861168097467,3.57370725330018e-06,0.997665273922134,"B_covariate_dependent"
120,0.0333640639657503,0.00281053121061106,0.0530144434150832,0.0461774473562006,0.00397745859778586,0.0630670959993074,"scap_x_l050","trad",0.0128133833904503,0.0011669273871748,0.706614824897386,"B_covariate_dependent"
120,0.0525810869704339,0.0128062481224181,0.113164694681769,0.0461935673680836,0.00397896121871435,0.063079007749919,"ipcw_x","ipcw_marg",-0.00638751960235028,-0.00882728690370374,3.21849030902491,"B_covariate_dependent"
120,0.0333640639657503,0.00281053121061106,0.0530144434150832,0.0346493487721581,0.00289796198128276,0.0538327222169078,"scap_x_l050","scap_marg_l050",0.00128528480640774,8.74307706717069e-05,0.969830256146768,"B_covariate_dependent"
120,0.032343166023029,0.00282568372223899,0.0531571605923322,0.0143378549608508,0.0018068288811036,0.0425068098203523,"ps_x_spline","ps_marg_logit",-0.0180053110621782,-0.00101885484113539,1.56389116412235,"B_covariate_dependent"
121,0.0241987987981927,0.00273937770941253,0.0523390648503823,0.0250504496830302,0.00278438534267113,0.0527672753008068,"scap_x_l050","scap_marg_l050",0.00085165088483756,4.50076332586054e-05,0.983835702419182,"B_covariate_dependent"
121,0.0241987987981927,0.00273937770941253,0.0523390648503823,0.00610520688415048,0.0022361242286665,0.0472876752300904,"scap_x_l050","trad",-0.0180935919140422,-0.000503253480746026,1.22505613699563,"B_covariate_dependent"
121,0.0232784903940745,0.0032310629061938,0.0568424393054503,0.0356165474009199,0.00361424609720887,0.0601186002598935,"ps_x_spline","ps_marg_logit",0.0123380570068454,0.000383183191015071,0.893979773178427,"B_covariate_dependent"
121,0.0263759022670503,0.00685614263691057,0.0828018274974084,0.00596880963682891,0.00223436636446183,0.0472690846585993,"ipcw_x","ipcw_marg",-0.0204070926302214,-0.00462177627244874,3.06849527721115,"B_covariate_dependent"
122,0.011439101004517,0.00344212196310744,0.0586695999910298,0.0254688961142628,0.00374307621590111,0.0611806849904536,"ps_x_spline","ps_marg_logit",0.0140297951097458,0.000300954252793674,0.919597081268295,"B_covariate_dependent"
122,0.013387579022286,0.00289958885894041,0.0538478305871315,0.01590435453682,0.00296227326682758,0.0544267697629355,"scap_x_l050","scap_marg_l050",0.00251677551453398,6.26844078871745e-05,0.978839086660528,"B_covariate_dependent"
122,0.013387579022286,0.00289958885894041,0.0538478305871315,0.00301979497637093,0.00270206402450458,0.0519813815178529,"scap_x_l050","trad",-0.0103677840459151,-0.000197524834435834,1.0731014634163,"B_covariate_dependent"
122,0.0276424133441347,0.00785395175191989,0.0886225239536761,0.00317693631426552,0.00270338470944145,0.0519940834080325,"ipcw_x","ipcw_marg",-0.0244654770298692,-0.00515056704247844,2.90522903547184,"B_covariate_dependent"
123,0.00537398481238802,0.00488620038705395,0.0699013618397664,0.00460662780624894,0.00429621942647204,0.0655455523012205,"ps_x_spline","ps_marg_logit",-0.000767357006139083,-0.000589980960581916,1.13732561166374,"B_covariate_dependent"
123,0.00529268319983685,0.00410817510278649,0.0640950474123117,0.00365827127897373,0.00410043168364438,0.0640346131685386,"scap_x_l050","scap_marg_l050",-0.00163441192086312,-7.74341914211094e-06,1.00188843998377,"B_covariate_dependent"
123,0.00529268319983685,0.00410817510278649,0.0640950474123117,0.0208284260412901,0.00458289079726395,0.0676970516142613,"scap_x_l050","trad",0.0155357428414532,0.000474715694477464,0.896415665247604,"B_covariate_dependent"
123,0.0420283036615498,0.019848691534952,0.14088538439083,0.0209947662929656,0.0045887746439848,0.0677404948607906,"ipcw_x","ipcw_marg",-0.0210335373685843,-0.0152599168909672,4.32548840919235,"B_covariate_dependent"
124,0.0364412445555928,0.00671697700614899,0.081957165679085,0.0490044423987887,0.00795430227194312,0.0891868951805315,"scap_x_l050","trad",0.0125631978431959,0.00123732526579412,0.844445782484469,"B_covariate_dependent"
124,0.0381485928755547,0.00806606970717837,0.0898113005538745,0.0287156312287772,0.00628202814629406,0.0792592464403622,"ps_x_spline","ps_marg_logit",-0.00943296164677751,-0.00178404156088431,1.2839913351768,"B_covariate_dependent"
124,0.0364412445555928,0.00671697700614899,0.081957165679085,0.0351089032722074,0.0065827814074259,0.0811343417267059,"scap_x_l050","scap_marg_l050",-0.00133234128338541,-0.000134195598723097,1.02038585066363,"B_covariate_dependent"
124,0.019069325994441,0.0192028450635182,0.1385743304639,0.0491519911150458,0.00796888406941947,0.089268606292579,"ipcw_x","ipcw_marg",0.0300826651206049,-0.0112339609940987,2.40972825005812,"B_covariate_dependent"
125,0.0270144969233379,0.00466229902990042,0.0682810297952544,0.0254969031865556,0.00458639944365606,0.0677229609782093,"scap_x_l050","scap_marg_l050",-0.00151759373678228,-7.58995862443664e-05,1.01654883905704,"B_covariate_dependent"
125,0.0270144969233379,0.00466229902990042,0.0682810297952544,0.00183764347646543,0.00406913032317033,0.0637897352492572,"scap_x_l050","trad",-0.0251768534468724,-0.000593168706730096,1.14577284569936,"B_covariate_dependent"
125,0.0272484465417613,0.00652669369307144,0.0807879551237153,0.0212857508100006,0.0047564199744948,0.0689668034237835,"ps_x_spline","ps_marg_logit",-0.00596269573176066,-0.00177027371857664,1.37218616692162,"B_covariate_dependent"
125,0.0850461779575144,0.0253484804843518,0.159212061365814,0.00177479964127949,0.00406829933202349,0.0637832213989187,"ipcw_x","ipcw_marg",-0.0832713783162349,-0.0212801811523284,6.23073142254359,"B_covariate_dependent"
126,0.024387752459441,0.00645977715650884,0.0803727388889345,0.0300910873835469,0.00559829137685488,0.0748217306459486,"ps_x_spline","ps_marg_logit",0.00570333492410592,-0.000861485779653959,1.15388369801822,"B_covariate_dependent"
126,0.020884572645506,0.00489901011223253,0.0699929290159551,0.0211871293776708,0.00496371096152481,0.0704536085770261,"scap_x_l050","scap_marg_l050",0.000302556732164803,6.47008492922737e-05,0.986965226260395,"B_covariate_dependent"
126,0.0678145948063443,0.0197431218567157,0.140510219758976,0.0422838790611401,0.00661978668575223,0.0813620715429015,"ipcw_x","ipcw_marg",-0.0255307157452042,-0.0131233351709634,2.98244079362992,"B_covariate_dependent"
126,0.020884572645506,0.00489901011223253,0.0699929290159551,0.0422220301952042,0.00661475862539573,0.0813311663840851,"scap_x_l050","trad",0.0213374575496982,0.0017157485131632,0.74061812224319,"B_covariate_dependent"
127,0.00137684260317487,0.00627401281165457,0.079208666266101,0.00375089544924801,0.00631569066695004,0.0794713197760679,"scap_x_l050","scap_marg_l050",0.00237405284607313,4.16778552954676e-05,0.993400903005974,"B_covariate_dependent"
127,0.0010819984446,0.00822709262778868,0.0907033220328158,0.00872561720460123,0.00670090362031271,0.0818590472722027,"ps_x_spline","ps_marg_logit",0.00764361876000124,-0.00152618900747598,1.22775868658215,"B_covariate_dependent"
127,0.00137684260317487,0.00627401281165457,0.079208666266101,0.0185792499158878,0.00728358735036792,0.0853439356390829,"scap_x_l050","trad",0.017202407312713,0.00100957453871335,0.861390481070794,"B_covariate_dependent"
127,0.0739417987541772,0.0370757034555156,0.192550521826132,0.0186297910347238,0.00728599287675882,0.0853580276058369,"ipcw_x","ipcw_marg",-0.0553120077194534,-0.0297897105787568,5.08862746404561,"B_covariate_dependent"
128,0.041512998171821,0.012086866962685,0.10994028816901,0.0269647543556392,0.00985932295156589,0.0992941234493054,"ps_x_spline","ps_marg_logit",-0.0145482438161818,-0.00222754401111906,1.22593275644402,"B_covariate_dependent"
128,0.0396659306396132,0.0099227545302936,0.0996130238989541,0.0586528382474956,0.0125657990159519,0.112097274792708,"scap_x_l050","trad",0.0189869076078824,0.00264304448565828,0.789663635213088,"B_covariate_dependent"
128,0.0396659306396132,0.0099227545302936,0.0996130238989541,0.0380376652150751,0.00982431168696699,0.0991176658672257,"scap_x_l050","scap_marg_l050",-0.00162826542453808,-9.84428433266054e-05,1.01002032981682,"B_covariate_dependent"
128,0.000466566131793835,0.0308101668223729,0.175528250781385,0.0587001407175719,0.0125725360241197,0.112127320596364,"ipcw_x","ipcw_marg",0.058233574585778,-0.0182376307982531,2.45059284485367,"B_covariate_dependent"
129,0.0104120542611882,0.000805587057688488,0.0283828655651343,0.0333305823143453,0.00186392200983263,0.0431731630742135,"ps_x_spline","ps_marg_logit",0.0229185280531571,0.00105833495214415,0.432199981243219,"B_covariate_dependent"
129,0.0106811037349843,0.000761956856479715,0.0276035660102045,0.0128002903971066,0.000820566762084816,0.0286455365124275,"scap_x_l050","scap_marg_l050",0.00211918666212239,5.86099056051012e-05,0.928573873189561,"B_covariate_dependent"
129,0.00195877399378942,0.000720302063566998,0.0268384437620179,0.000174576908373826,0.000638907249350269,0.025276614673454,"ipcw_x","ipcw_marg",-0.0017841970854156,-8.13948142167291e-05,1.12739691762694,"B_covariate_dependent"
129,0.0106811037349843,0.000761956856479715,0.0276035660102045,0.000272381464253236,0.000639004718813075,0.0252785426560369,"scap_x_l050","trad",-0.010408722270731,-0.000122952137666639,1.19241194007928,"B_covariate_dependent"
130,0.0027847995317898,0.00112942711081069,0.0336069503348741,0.00685529446702826,0.000915036433947616,0.0302495691530907,"ipcw_x","ipcw_marg",0.00407049493523846,-0.000214390676863078,1.23429742129301,"B_covariate_dependent"
130,0.00100732163874142,0.000928309875200451,0.0304681780748448,0.0265774958893526,0.00169774684158296,0.0412037236373481,"ps_x_spline","ps_marg_logit",0.0255701742506111,0.000769436966382509,0.546789340120289,"B_covariate_dependent"
130,0.00197709777929908,0.00087850864925036,0.0296396465776898,0.00624254493285755,0.000924988722703772,0.0304136272533181,"scap_x_l050","scap_marg_l050",0.00426544715355847,4.64800734534113e-05,0.949750659318798,"B_covariate_dependent"
130,0.00197709777929908,0.00087850864925036,0.0296396465776898,0.00674375900718644,0.000913084689567563,0.0302172912347808,"scap_x_l050","trad",0.00476666122788736,3.45760403172026e-05,0.962132712647303,"B_covariate_dependent"
131,0.0128805747781733,0.00150460006857162,0.0387891746312243,0.00855984812830911,0.00140386388815002,0.0374681716680975,"ps_x_spline","ps_marg_logit",-0.00432072664986419,-0.000100736180421594,1.07175637273094,"B_covariate_dependent"
131,0.0132206608150982,0.00342454484072978,0.0585196107363146,0.0230145191496962,0.00186588132955768,0.0431958485222559,"ipcw_x","ipcw_marg",0.00979385833459801,-0.0015586635111721,1.83534975482154,"B_covariate_dependent"
131,0.0130295843916999,0.00146949048386243,0.0383339338427774,0.0229076557579738,0.00186079918018215,0.043136981584044,"scap_x_l050","trad",0.00987807136627386,0.000391308696319717,0.789709335382761,"B_covariate_dependent"
131,0.0130295843916999,0.00146949048386243,0.0383339338427774,0.0106095283868979,0.0014214561578997,0.03770220362127,"scap_x_l050","scap_marg_l050",-0.00242005600480208,-4.80343259627292e-05,1.03379233731254,"B_covariate_dependent"
132,0.0417283545259184,0.00344953074872248,0.05873270595437,0.050179247129218,0.00423907384796188,0.0651081703625734,"scap_x_l050","trad",0.00845089260329959,0.000789543099239397,0.813746321117051,"B_covariate_dependent"
132,0.0417519492048357,0.00353910735057797,0.0594903971290995,0.0241048538460558,0.0023264349326631,0.0482331310684171,"ps_x_spline","ps_marg_logit",-0.0176470953587799,-0.00121267241791487,1.5212578271109,"B_covariate_dependent"
132,0.0309530669451588,0.00640781640767431,0.0800488376409946,0.0502773145163301,0.00424922840882054,0.0651861059492016,"ipcw_x","ipcw_marg",0.0193242475711712,-0.00215858799885377,1.50799528553772,"B_covariate_dependent"
132,0.0417283545259184,0.00344953074872248,0.05873270595437,0.0396050905628494,0.00328483994992734,0.0573135232726739,"scap_x_l050","scap_marg_l050",-0.00212326396306907,-0.000164690798795149,1.05013662805666,"B_covariate_dependent"
133,0.0125784543818698,0.00237579021393299,0.0487420784736657,0.00780509180537821,0.00119719401784014,0.0346004915837932,"ipcw_x","ipcw_marg",-0.00477336257649155,-0.00117859619609285,1.98446549058034,"B_covariate_dependent"
133,0.00582053711836694,0.00115987101131481,0.0340568790601079,0.00776611829077519,0.00119659937237152,0.0345918974959675,"scap_x_l050","trad",0.00194558117240824,3.67283610567108e-05,0.969306050208,"B_covariate_dependent"
133,0.00582053711836694,0.00115987101131481,0.0340568790601079,0.00637148845529622,0.00118630124427073,0.0344427241122234,"scap_x_l050","scap_marg_l050",0.000550951336929274,2.643023295592e-05,0.977720471015633,"B_covariate_dependent"
133,0.00516794850293885,0.0013038627742383,0.0361090400625425,0.0162471861887093,0.00153744663976786,0.0392102874226632,"ps_x_spline","ps_marg_logit",0.0110792376857704,0.000233583865529561,0.848070261765423,"B_covariate_dependent"
134,0.04098461494923,0.00315655643449111,0.0561832398005946,0.0511935255305798,0.00416502760241455,0.0645370250508539,"scap_x_l050","trad",0.0102089105813498,0.00100847116792343,0.757871672365676,"B_covariate_dependent"
134,0.04098461494923,0.00315655643449111,0.0561832398005946,0.040474781026367,0.00313227719438467,0.0559667507935262,"scap_x_l050","scap_marg_l050",-0.000509833922863009,-2.42792401064476e-05,1.00775130634989,"B_covariate_dependent"
134,0.022413189533389,0.00437742045635631,0.0661620771768564,0.051233914090234,0.00416927805156089,0.0645699469688561,"ipcw_x","ipcw_marg",0.028820724556845,-0.000208142404795417,1.04992288886022,"B_covariate_dependent"
134,0.0411270045884997,0.00326830030896248,0.0571690502716503,0.0377199364289557,0.00301681911767597,0.0549255779912781,"ps_x_spline","ps_marg_logit",-0.00340706815954404,-0.000251481191286507,1.08335971812597,"B_covariate_dependent"
135,0.0235899494065104,0.00260566979191291,0.0510457617428999,0.00210982987938909,0.00215867770265626,0.0464615723222564,"ps_x_spline","ps_marg_logit",-0.0214801195271213,-0.000446992089256643,1.20706754357384,"B_covariate_dependent"
135,0.0224666490566048,0.0024826588815832,0.0498262870539558,0.0191713590466505,0.00232714000562724,0.0482404395256432,"scap_x_l050","scap_marg_l050",-0.00329529000995435,-0.000155518875955967,1.06682832815383,"B_covariate_dependent"
135,0.0224666490566048,0.0024826588815832,0.0498262870539558,0.0348489076341864,0.00327665499659193,0.0572420736573364,"scap_x_l050","trad",0.0123822585775815,0.00079399611500872,0.757680892301887,"B_covariate_dependent"
135,0.00891885166152157,0.00919222754974307,0.0958761052074138,0.0348878619272054,0.00327935717105702,0.0572656718379958,"ipcw_x","ipcw_marg",0.0259690102656839,-0.00591287037868605,2.80305775499903,"B_covariate_dependent"
136,0.0514226156155339,0.00530274222402367,0.0728199301292144,0.0634800766644044,0.00675118343146402,0.0821655854446618,"scap_x_l050","trad",0.0120574610488705,0.00144844120744036,0.785453732350114,"B_covariate_dependent"
136,0.0525369380760191,0.00544384211776559,0.0737823970725104,0.0240870510282232,0.00333483678697974,0.0577480457416504,"ps_x_spline","ps_marg_logit",-0.0284498870477959,-0.00210900533078584,1.63241635663252,"B_covariate_dependent"
136,0.0514226156155339,0.00530274222402367,0.0728199301292144,0.0479323454726723,0.00490779829749593,0.0700556799802552,"scap_x_l050","scap_marg_l050",-0.00349027014286163,-0.00039494392652774,1.08047272984492,"B_covariate_dependent"
136,0.0574827971033065,0.0159801318578977,0.126412546283578,0.0635109355033798,0.00675492357128402,0.0821883420643343,"ipcw_x","ipcw_marg",0.00602813840007335,-0.00922520828661369,2.36570135683417,"B_covariate_dependent"
137,0.00847056354989007,0.000443685858512014,0.0210638519390926,0.0105884013476089,0.000488448171827751,0.0221008635991391,"scap_x_l050","scap_marg_l050",0.00211783779771887,4.47623133157369e-05,0.908358110650229,"B_covariate_dependent"
137,0.00847056354989007,0.000443685858512014,0.0210638519390926,0.000171632961293354,0.000370062952240379,0.0192370203576432,"scap_x_l050","trad",-0.00829893058859672,-7.36229062716357e-05,1.19894697868543,"B_covariate_dependent"
137,0.0103348568371903,0.000496192118987032,0.0222753702323223,0.0344570362598222,0.00163286004718852,0.0404086630215418,"ps_x_spline","ps_marg_logit",0.0241221794226319,0.00113666792820148,0.303879147414614,"B_covariate_dependent"
137,0.0019359910220824,0.000381880695846548,0.0195417679815965,8.21295797352803e-05,0.000370052839920558,0.019236757520969,"ipcw_x","ipcw_marg",-0.00185386144234712,-1.1827855925991e-05,1.03196261357846,"B_covariate_dependent"
138,0.00122017662743054,0.000547158431965578,0.0233914179126785,0.0268739336472252,0.00133901446071625,0.0365925465186048,"ps_x_spline","ps_marg_logit",0.0256537570197947,0.000791856028750677,0.408627724358478,"B_covariate_dependent"
138,0.00213260944211491,0.000539136944361871,0.0232193226507982,0.00198326186442499,0.000552400178603775,0.0235031950722402,"scap_x_l050","scap_marg_l050",-0.000149347577689922,1.32632342419036e-05,0.975989808194076,"B_covariate_dependent"
138,0.00213260944211491,0.000539136944361871,0.0232193226507982,0.00920826148784415,0.000625767730003625,0.0250153498876915,"scap_x_l050","trad",0.00707565204572925,8.66307856417541e-05,0.861560797260587,"B_covariate_dependent"
138,0.00039707789272096,0.000562865359504174,0.0237247836555821,0.00931477459268596,0.000627892941127322,0.0250577920241853,"ipcw_x","ipcw_marg",0.008917696699965,6.50275816231486e-05,0.896435240207673,"B_covariate_dependent"
139,0.0172752904755704,0.00105190155184722,0.0324330318016559,0.0252019455296277,0.00139902007268316,0.0374034767459278,"scap_x_l050","trad",0.00792665505405736,0.00034711852083594,0.751884531456217,"B_covariate_dependent"
139,0.0172752904755704,0.00105190155184722,0.0324330318016559,0.0150276939018301,0.000978629883108434,0.0312830606416385,"scap_x_l050","scap_marg_l050",-0.00224759657374023,-7.32716687387876e-05,1.07487168540782,"B_covariate_dependent"
139,0.0153002145083521,0.00101303550573587,0.0318282187018982,0.00693227085752207,0.000841250414062177,0.0290043171624877,"ps_x_spline","ps_marg_logit",-0.00836794365083007,-0.000171785091673689,1.20420208870292,"B_covariate_dependent"
139,0.0190569046940351,0.00156028282023063,0.0395004154437726,0.0253043001199517,0.00140424671778982,0.037473280051122,"ipcw_x","ipcw_marg",0.00624739542591661,-0.000156036102440809,1.11111729902164,"B_covariate_dependent"
140,0.0461398455521477,0.00311118327266604,0.0557779819701828,0.0440713181515998,0.00291859067619143,0.0540239824169917,"scap_x_l050","scap_marg_l050",-0.00206852740054789,-0.000192592596474613,1.06598821754818,"B_covariate_dependent"
140,0.0445472254522212,0.00299260957464052,0.0547047491049956,0.0263576159040269,0.00167146402187684,0.0408835421884753,"ps_x_spline","ps_marg_logit",-0.0181896095481943,-0.00132114555276368,1.79041219881012,"B_covariate_dependent"
140,0.0461398455521477,0.00311118327266604,0.0557779819701828,0.0531351510221845,0.003824158124323,0.0618397778482669,"scap_x_l050","trad",0.0069953054700368,0.000712974851656957,0.813560310929042,"B_covariate_dependent"
140,0.0399258963756354,0.0039185635657925,0.0625984310170191,0.0532236731568731,0.00383374786663155,0.0619172663045741,"ipcw_x","ipcw_marg",0.0132977767812376,-8.48156991609473e-05,1.02212344215413,"B_covariate_dependent"
141,0.00235932932776661,0.000623522320674475,0.0249704289245194,0.00151190484000607,0.000638744639036994,0.0252733978530192,"scap_x_l050","scap_marg_l050",-0.000847424487760539,1.52223183625191e-05,0.976168381803612,"B_covariate_dependent"
141,0.00235932932776661,0.000623522320674475,0.0249704289245194,0.0125692156238391,0.000787994867543391,0.0280712462769894,"scap_x_l050","trad",0.0102098862960725,0.000164472546868916,0.791277134352834,"B_covariate_dependent"
141,0.000166788961042791,0.000674897600429466,0.0259787913581342,0.0114358440122288,0.000893219658898786,0.0298867806713735,"ps_x_spline","ps_marg_logit",0.011269055051186,0.00021832205846932,0.755578534020982,"B_covariate_dependent"
141,0.00368843303928013,0.00116930652921644,0.0341951243486032,0.0126048106819445,0.000788880939863561,0.0280870244038695,"ipcw_x","ipcw_marg",0.00891637764266437,-0.000380425589352877,1.48223447941165,"B_covariate_dependent"
142,0.0381723659880851,0.00245361004187577,0.0495339281894317,0.0344688987532977,0.0021821309350954,0.0467132843535477,"ps_x_spline","ps_marg_logit",-0.00370346723478743,-0.000271479106780372,1.12441009034524,"B_covariate_dependent"
142,0.0418115804706365,0.00269652673519472,0.0519280919656665,0.0414921728584167,0.00265857719265192,0.0515613924623058,"scap_x_l050","scap_marg_l050",-0.000319407612219894,-3.79495425428004e-05,1.01427438053997,"B_covariate_dependent"
142,0.0128578711636095,0.0021292017865934,0.0461432745542988,0.0494903277477474,0.00341589230794198,0.0584456354909585,"ipcw_x","ipcw_marg",0.0366324565841378,0.00128669052134859,0.623322281455707,"B_covariate_dependent"
142,0.0418115804706365,0.00269652673519472,0.0519280919656665,0.0494533249321577,0.00341217894037252,0.0584138591463749,"scap_x_l050","trad",0.00764174446152112,0.0007156522051778,0.790265335527899,"B_covariate_dependent"
143,0.0209734379018973,0.00152173476861129,0.0390094189730031,0.00615188104471855,0.00123640565297938,0.0351625603871416,"ps_x_spline","ps_marg_logit",-0.0148215568571787,-0.000285329115631918,1.23077305975135,"B_covariate_dependent"
143,0.016970337065093,0.00425038078244239,0.0651949444546307,0.0329522374473838,0.00218421728113053,0.0467356104178658,"ipcw_x","ipcw_marg",0.0159819003822908,-0.00206616350131186,1.94595144867751,"B_covariate_dependent"
143,0.0229914126071332,0.00159197602017272,0.0398995741853559,0.0329164802250907,0.002181788724596,0.0467096213279021,"scap_x_l050","trad",0.00992506761795757,0.000589812704423284,0.729665527292292,"B_covariate_dependent"
143,0.0229914126071332,0.00159197602017272,0.0398995741853559,0.0200394096818602,0.00145461397018086,0.0381394018068042,"scap_x_l050","scap_marg_l050",-0.002952002925273,-0.000137362049991864,1.09443196119915,"B_covariate_dependent"
144,0.0570044167108256,0.0048150980234001,0.0693909073539185,0.0537112592370903,0.00443221861138251,0.0665749097737466,"scap_x_l050","scap_marg_l050",-0.00329315747373533,-0.000382879412017599,1.08638549800642,"B_covariate_dependent"
144,0.0606129020885092,0.0113937591485258,0.106741553054683,0.0669791817520012,0.0060924866380082,0.0780543825675932,"ipcw_x","ipcw_marg",0.00636627966349203,-0.0053012725105176,1.87013280873616,"B_covariate_dependent"
144,0.0550241594927885,0.00464272431411481,0.068137539683458,0.0249800587289308,0.00222804950754516,0.0472022193074135,"ps_x_spline","ps_marg_logit",-0.0300441007638577,-0.00241467480656965,2.0837617379652,"B_covariate_dependent"
144,0.0570044167108256,0.0048150980234001,0.0693909073539185,0.0669527027070053,0.00608888188398801,0.0780312878529376,"scap_x_l050","trad",0.0099482859961797,0.0012737838605879,0.790801680036267,"B_covariate_dependent"
145,0.00541925910019458,0.0200584343848681,0.141627802301907,0.0438804223295497,0.00656622286453775,0.0810322334909865,"ipcw_x","ipcw_marg",0.0384611632293551,-0.0134922115203304,3.05479037167591,"C_nonlinear_observability"
145,0.0338452713850356,0.00530823158743498,0.072857611732989,0.0438818155818378,0.00656633421547383,0.0810329205661121,"scap_x_l075","trad",0.0100365441968022,0.00125810262803885,0.808401067208234,"C_nonlinear_observability"
145,0.037194388621481,0.00565461695434985,0.0751971871438677,0.0323279051005251,0.00522356516876852,0.0722742358573823,"scap_x_l050","scap_marg_l050",-0.00486648352095592,-0.000431051785581336,1.08252061028329,"C_nonlinear_observability"
145,0.0362908050001872,0.00648283766379771,0.0805160708417749,0.0162696204351647,0.00466805200325372,0.0683231439795749,"ps_x_spline","ps_marg_logit",-0.0200211845650226,-0.00181478566054399,1.38876723294407,"C_nonlinear_observability"
145,0.0362908050001872,0.00648283766379771,0.0805160708417749,0.0283877093813425,0.0050866571271282,0.0713208043079171,"ps_x_spline","ps_x_logit",-0.00790309561884476,-0.00139618053666951,1.27447899509943,"C_nonlinear_observability"
145,0.0305657360790898,0.00510462167711478,0.0714466351699979,0.0438818155818378,0.00656633421547383,0.0810329205661121,"scap_x_l100","trad",0.013316079502748,0.00146171253835905,0.77739291202777,"C_nonlinear_observability"
145,0.037194388621481,0.00565461695434985,0.0751971871438677,0.0438818155818378,0.00656633421547383,0.0810329205661121,"scap_x_l050","trad",0.00668742696035678,0.000911717261123976,0.861152778520551,"C_nonlinear_observability"
146,0.0545167579780822,0.00701370173579972,0.0837478461561832,0.0487595411435125,0.00639717711711332,0.0799823550360535,"scap_x_l050","scap_marg_l050",-0.00575721683456976,-0.000616524618686407,1.09637448008702,"C_nonlinear_observability"
146,0.0553714996974679,0.00811854998693944,0.0901029965480585,0.0405436215702702,0.00560974981700894,0.074898263110762,"ps_x_spline","ps_marg_logit",-0.0148278781271977,-0.00250880016993051,1.44722140055582,"C_nonlinear_observability"
146,0.00598411035613267,0.0232089135690937,0.152344719531376,0.0588821961482208,0.00781364583561242,0.0883948292357218,"ipcw_x","ipcw_marg",0.0528980857920882,-0.0153952677334813,2.97030529120145,"C_nonlinear_observability"
146,0.0496751673805749,0.006424418610608,0.0801524710199754,0.0588830359703956,0.00781368718263625,0.0883950631123495,"scap_x_l100","trad",0.00920786858982063,0.00138926857202826,0.822200641060277,"C_nonlinear_observability"
146,0.0545167579780822,0.00701370173579972,0.0837478461561832,0.0588830359703956,0.00781368718263625,0.0883950631123495,"scap_x_l050","trad",0.00436627799231332,0.000799985446836531,0.89761742079792,"C_nonlinear_observability"
146,0.0553714996974679,0.00811854998693944,0.0901029965480585,0.0494218521665464,0.00641427611729349,0.0800891760308064,"ps_x_spline","ps_x_logit",-0.00594964753092148,-0.00170427386964595,1.2657001099549,"C_nonlinear_observability"
146,0.0518258282280158,0.00670181861524498,0.0818646359256851,0.0588830359703956,0.00781368718263625,0.0883950631123495,"scap_x_l075","trad",0.00705720774237979,0.00111186856739128,0.857702446821509,"C_nonlinear_observability"
147,0.06311671786059,0.0104442653278196,0.102197188453595,0.0728740941971947,0.0125208348151541,0.111896536207133,"scap_x_l050","trad",0.00975737633660477,0.00207656948733457,0.834150875880794,"C_nonlinear_observability"
147,0.0104620768041526,0.0319493741686316,0.178743878688563,0.0728740941971947,0.0125208348151541,0.111896536207133,"ipcw_x","ipcw_marg",0.0624120173930422,-0.0194285393534775,2.55169680299295,"C_nonlinear_observability"
147,0.0576697785840748,0.00966657836406723,0.0983187589632173,0.0728740941971947,0.0125208348151541,0.111896536207133,"scap_x_l075","trad",0.01520431561312,0.0028542564510869,0.772039445194792,"C_nonlinear_observability"
147,0.059410469914419,0.0114509364757103,0.107009048569316,0.0437745321428688,0.00838990847046483,0.0915964435470331,"ps_x_spline","ps_marg_logit",-0.0156359377715502,-0.00306102800524545,1.3648464123323,"C_nonlinear_observability"
147,0.0522106270207976,0.00895500303918314,0.0946308778316208,0.0728740941971947,0.0125208348151541,0.111896536207133,"scap_x_l100","trad",0.0206634671763972,0.00356583177597099,0.715208144775202,"C_nonlinear_observability"
147,0.06311671786059,0.0104442653278196,0.102197188453595,0.0568011737228878,0.00960209832452126,0.0979902970937493,"scap_x_l050","scap_marg_l050",-0.00631554413770215,-0.000842167003298297,1.0877065590078,"C_nonlinear_observability"
147,0.059410469914419,0.0114509364757103,0.107009048569316,0.0513539026804688,0.00913027942558769,0.0955524956533721,"ps_x_spline","ps_x_logit",-0.00805656723395016,-0.00232065705012259,1.25417152553063,"C_nonlinear_observability"
148,0.0710090901098975,0.0102578387469911,0.101280989069969,0.0836411888605499,0.0126655979297773,0.112541538685844,"scap_x_l075","trad",0.0126320987506524,0.00240775918278613,0.809897709043376,"C_nonlinear_observability"
148,0.0668448830327837,0.00970049164876217,0.0984910739547609,0.0836411888605499,0.0126655979297773,0.112541538685844,"scap_x_l100","trad",0.0167963058277661,0.00296510628101511,0.765892909481673,"C_nonlinear_observability"
148,0.075447706321076,0.0109496306732893,0.104640482956117,0.0836411888605499,0.0126655979297773,0.112541538685844,"scap_x_l050","trad",0.00819348253947391,0.00171596725648797,0.86451746960531,"C_nonlinear_observability"
148,0.0195753981737267,0.023251431414116,0.152484200539322,0.0836411888605499,0.0126655979297773,0.112541538685844,"ipcw_x","ipcw_marg",0.0640657906868232,-0.0105858334843388,1.83579421540384,"C_nonlinear_observability"
148,0.075447706321076,0.0109496306732893,0.104640482956117,0.0697022119931652,0.0101970899108821,0.100980641267929,"scap_x_l050","scap_marg_l050",-0.00574549432791077,-0.000752540762407187,1.07379956134388,"C_nonlinear_observability"
148,0.0726390269425807,0.0121147459349833,0.11006700656865,0.0684081570966537,0.0100223644485417,0.100111759791454,"ps_x_spline","ps_x_logit",-0.00423086984592701,-0.00209238148644151,1.20877124327144,"C_nonlinear_observability"
148,0.0726390269425807,0.0121147459349833,0.11006700656865,0.0632630216554629,0.00934719393586989,0.0966808871280663,"ps_x_spline","ps_marg_logit",-0.00937600528711781,-0.00276755199911336,1.29608372503034,"C_nonlinear_observability"
149,0.0360877491949462,0.00271482638110708,0.0521039958266838,0.0422974478099345,0.00330986042275822,0.0575313864143584,"scap_x_l075","trad",0.00620969861498837,0.000595034041651144,0.820223826491366,"C_nonlinear_observability"
149,0.0383472867709227,0.00290691813636968,0.0539158430924499,0.0422974478099345,0.00330986042275822,0.0575313864143584,"scap_x_l050","trad",0.00395016103901185,0.000402942286388547,0.878260036701861,"C_nonlinear_observability"
149,0.0054833592412962,0.0051789005190459,0.0719645782246092,0.0422973344183643,0.0033098529907146,0.057531321823113,"ipcw_x","ipcw_marg",0.0368139751770681,-0.0018690475283313,1.56469200703919,"C_nonlinear_observability"
149,0.0340335930863485,0.00257022869407463,0.0506974229529927,0.0422974478099345,0.00330986042275822,0.0575313864143584,"scap_x_l100","trad",0.00826385472358603,0.000739631728683592,0.776536882462484,"C_nonlinear_observability"
149,0.0399428744593677,0.00312574032508636,0.0559083207142404,0.0275617339939045,0.002181126358855,0.0467025305401645,"ps_x_spline","ps_x_logit",-0.0123811404654632,-0.000944613966231364,1.43308539296515,"C_nonlinear_observability"
149,0.0383472867709227,0.00290691813636968,0.0539158430924499,0.0325708640202935,0.00248594418708584,0.0498592437476326,"scap_x_l050","scap_marg_l050",-0.00577642275062923,-0.000420973949283838,1.16934167366699,"C_nonlinear_observability"
149,0.0399428744593677,0.00312574032508636,0.0559083207142404,0.014753894048017,0.00166824662314299,0.0408441748985457,"ps_x_spline","ps_marg_logit",-0.0251889804113507,-0.00145749370194337,1.87366800671081,"C_nonlinear_observability"
150,0.0185604089793292,0.0081845953393044,0.0904687533864837,0.0639613003956558,0.00546391533208662,0.0739183017397358,"ipcw_x","ipcw_marg",0.0454008914163266,-0.00272068000721777,1.49793597482023,"C_nonlinear_observability"
150,0.0619632570541838,0.00518973152264736,0.0720397912451678,0.0541472204959319,0.00422560409386256,0.0650046467097742,"ps_x_spline","ps_x_logit",-0.00781603655825188,-0.000964127428784801,1.22816321817397,"C_nonlinear_observability"
150,0.0609022283555945,0.00502587962135666,0.070893438492971,0.0639613311951083,0.00546391523274985,0.0739183010677995,"scap_x_l050","trad",0.00305910283951373,0.000438035611393188,0.919831184648021,"C_nonlinear_observability"
150,0.0619632570541838,0.00518973152264736,0.0720397912451678,0.0436334149194217,0.00319385621869142,0.0565142125371258,"ps_x_spline","ps_marg_logit",-0.0183298421347621,-0.00199587530395593,1.62491081855077,"C_nonlinear_observability"
150,0.0578574712200114,0.004641714795828,0.0681301313357607,0.0639613311951083,0.00546391523274985,0.0739183010677995,"scap_x_l100","trad",0.00610385997509689,0.000822200436921847,0.849521743676822,"C_nonlinear_observability"
150,0.0594349561015876,0.00483548649241883,0.0695376624026062,0.0639613311951083,0.00546391523274985,0.0739183010677995,"scap_x_l075","trad",0.00452637509352069,0.00062842874033102,0.884985635105699,"C_nonlinear_observability"
150,0.0609022283555945,0.00502587962135666,0.070893438492971,0.0552770337513347,0.00437697870694312,0.0661587387042945,"scap_x_l050","scap_marg_l050",-0.0056251946042598,-0.000648900914413539,1.14825315768254,"C_nonlinear_observability"
151,0.0757399175526632,0.00792937120780378,0.0890470168383185,0.0502072870773771,0.00437086376321758,0.0661125083718473,"ps_x_spline","ps_marg_logit",-0.025532630475286,-0.00355850744458619,1.81414284163518,"C_nonlinear_observability"
151,0.0731668109106118,0.00739687368717896,0.0860050794266185,0.0791336058904458,0.00854656841164756,0.0924476522776407,"scap_x_l050","trad",0.00596679497983403,0.0011496947244686,0.865478789954837,"C_nonlinear_observability"
151,0.066943966890275,0.00640628990281295,0.0800393022384188,0.0791336058904458,0.00854656841164756,0.0924476522776407,"scap_x_l100","trad",0.0121896390001708,0.0021402785088346,0.749574518596521,"C_nonlinear_observability"
151,0.019023182189736,0.0163996983717715,0.128061307082864,0.0791336058904458,0.00854656841164755,0.0924476522776406,"ipcw_x","ipcw_marg",0.0601104237007097,-0.00785312996012397,1.91886352298093,"C_nonlinear_observability"
151,0.0757399175526632,0.00792937120780378,0.0890470168383185,0.0576276199231302,0.00512422929789636,0.0715837222970164,"ps_x_spline","ps_x_logit",-0.0181122976295329,-0.00280514190990742,1.54742708548562,"C_nonlinear_observability"
151,0.0731668109106118,0.00739687368717896,0.0860050794266185,0.0677953324416247,0.00666600690449767,0.0816456177911446,"scap_x_l050","scap_marg_l050",-0.0053714784689871,-0.000730866782681286,1.10964086793672,"C_nonlinear_observability"
151,0.0701117354650211,0.00688761644350537,0.0829916649038045,0.0791336058904458,0.00854656841164756,0.0924476522776407,"scap_x_l075","trad",0.00902187042542466,0.00165895196814218,0.805892624005524,"C_nonlinear_observability"
152,0.0809789996784084,0.00818884896124835,0.0904922591233546,0.08602150011223,0.00914964961285719,0.0956538008280758,"scap_x_l050","trad",0.00504250043382165,0.000960800651608832,0.894990443103012,"C_nonlinear_observability"
152,0.0447351686873913,0.0158865935863542,0.126042031030741,0.08602150011223,0.00914964961285718,0.0956538008280757,"ipcw_x","ipcw_marg",0.0412863314248387,-0.00673694397349701,1.73630622576303,"C_nonlinear_observability"
152,0.0782190359015835,0.00772676936222398,0.0879020441299517,0.08602150011223,0.00914964961285719,0.0956538008280758,"scap_x_l075","trad",0.00780246421064655,0.0014228802506332,0.844488006553414,"C_nonlinear_observability"
152,0.0755513820455321,0.00728232616752567,0.0853365464940179,0.08602150011223,0.00914964961285719,0.0956538008280758,"scap_x_l100","trad",0.010470118066698,0.00186732344533151,0.795913119699411,"C_nonlinear_observability"
152,0.0831396251901137,0.0086307156154726,0.0929016448480467,0.0689659563225338,0.00629631184248397,0.0793493027221032,"ps_x_spline","ps_x_logit",-0.0141736688675799,-0.00233440377298862,1.37075733086112,"C_nonlinear_observability"
152,0.0809789996784084,0.00818884896124835,0.0904922591233546,0.0770402599236832,0.0075870359161882,0.0871035930153757,"scap_x_l050","scap_marg_l050",-0.00393873975472513,-0.000601813045060157,1.07932123318094,"C_nonlinear_observability"
152,0.0831396251901137,0.0086307156154726,0.0929016448480467,0.062885566106054,0.00552213541406983,0.0743110719480605,"ps_x_spline","ps_marg_logit",-0.0202540590840597,-0.00310858020140277,1.56293081721293,"C_nonlinear_observability"
153,0.00927496395411259,0.00196028398470701,0.0442750944065285,0.046155472416115,0.00299767205937332,0.0547510005330799,"ipcw_x","ipcw_marg",0.0368805084620024,0.00103738807466631,0.653935435858458,"C_nonlinear_observability"
153,0.0403165589742014,0.00243362019877448,0.0493317362229881,0.0461555036337703,0.00299767751206396,0.0547510503284088,"scap_x_l100","trad",0.00583894465956886,0.000564057313289482,0.811835225430531,"C_nonlinear_observability"
153,0.0432097040101832,0.00269010361641884,0.0518662088109286,0.0461555036337703,0.00299767751206396,0.0547510503284088,"scap_x_l050","trad",0.00294579962358715,0.000307573895645114,0.897395935884596,"C_nonlinear_observability"
153,0.0432097040101832,0.00269010361641884,0.0518662088109286,0.0379755331067575,0.00227477659459284,0.0476946180883424,"scap_x_l050","scap_marg_l050",-0.00523417090342564,-0.000415327021826003,1.18257925759094,"C_nonlinear_observability"
153,0.0449857066337048,0.00286795531576451,0.05355329416352,0.0316526172577556,0.00181893213626024,0.0426489406229539,"ps_x_spline","ps_x_logit",-0.0133330893759492,-0.00104902317950426,1.5767247488744,"C_nonlinear_observability"
153,0.0416367986948473,0.00255037226410433,0.0505012105211779,0.0461555036337703,0.00299767751206396,0.0547510503284088,"scap_x_l075","trad",0.00451870493892298,0.000447305247959625,0.850782732245389,"C_nonlinear_observability"
153,0.0449857066337048,0.00286795531576451,0.05355329416352,0.0182877721776984,0.0011546541694826,0.0339802026109705,"ps_x_spline","ps_marg_logit",-0.0266979344560064,-0.0017133011462819,2.48382190231871,"C_nonlinear_observability"
154,0.0621903553500421,0.00472578615420459,0.0687443536168941,0.0529658650503064,0.00364712562755754,0.0603914367071818,"ps_x_spline","ps_x_logit",-0.00922449029973577,-0.00107866052664704,1.29575633986851,"C_nonlinear_observability"
154,0.0610100766270513,0.00456349614337076,0.0675536538121422,0.0634888719977941,0.00489797546054473,0.0699855375098651,"scap_x_l050","trad",0.00247879537074281,0.000334479317173974,0.931710699682278,"C_nonlinear_observability"
154,0.0621903553500421,0.00472578615420459,0.0687443536168941,0.042613406573927,0.00268475519878877,0.0518146234068025,"ps_x_spline","ps_marg_logit",-0.0195769487761151,-0.00204103095541582,1.76022981772664,"C_nonlinear_observability"
154,0.0586020679754836,0.00426397664682136,0.0652991320525882,0.0634888719977941,0.00489797546054473,0.0699855375098651,"scap_x_l100","trad",0.00488680402231054,0.000633998813723376,0.870559005689084,"C_nonlinear_observability"
154,0.0597857703836559,0.00441166984775036,0.0664204023455923,0.0634888719977941,0.00489797546054473,0.0699855375098651,"scap_x_l075","trad",0.00370310161413828,0.000486305612794371,0.900712934004719,"C_nonlinear_observability"
154,0.01079920755348,0.00521475046219095,0.072213229135602,0.0634888503638337,0.00489797194072197,0.0699855123630739,"ipcw_x","ipcw_marg",0.0526896428103537,-0.000316778521468982,1.06467544634857,"C_nonlinear_observability"
154,0.0610100766270513,0.00456349614337076,0.0675536538121422,0.0563787041521784,0.00403584813806271,0.063528325478189,"scap_x_l050","scap_marg_l050",-0.00463137247487289,-0.000527648005308045,1.13074030222587,"C_nonlinear_observability"
155,0.0739970813585065,0.00664360870990541,0.0815083352173593,0.0784764048843229,0.00739531798173652,0.085996034686121,"scap_x_l050","trad",0.00447932352581648,0.000751709271831109,0.89835335361001,"C_nonlinear_observability"
155,0.0753883016164651,0.00687580412211111,0.082920468655882,0.0557561211724968,0.00420249433545937,0.0648266483435583,"ps_x_spline","ps_x_logit",-0.0196321804439684,-0.00267330978665174,1.63612454253541,"C_nonlinear_observability"
155,0.0716923784404935,0.00628586050913758,0.079283418878966,0.0784764048843229,0.00739531798173652,0.085996034686121,"scap_x_l075","trad",0.00678402644382942,0.00110945747259895,0.849978395068493,"C_nonlinear_observability"
155,0.0191792225531907,0.011137079093219,0.105532360407692,0.0784764048843229,0.00739531798173651,0.0859960346861209,"ipcw_x","ipcw_marg",0.0592971823311322,-0.00374176111148252,1.50596351917837,"C_nonlinear_observability"
155,0.0692665014792356,0.00591445196470007,0.07690547421803,0.0784764048843229,0.00739531798173652,0.085996034686121,"scap_x_l100","trad",0.00920990340508729,0.00148086601703645,0.799756275430807,"C_nonlinear_observability"
155,0.0753883016164651,0.00687580412211111,0.082920468655882,0.0485712799769602,0.0034591109336294,0.0588142069030043,"ps_x_spline","ps_marg_logit",-0.0268170216395049,-0.00341669318848171,1.98773738513694,"C_nonlinear_observability"
155,0.0739970813585065,0.00664360870990541,0.0815083352173593,0.0699813602129247,0.00605457975720846,0.0778111801556078,"scap_x_l050","scap_marg_l050",-0.00401572114558174,-0.000589028952696955,1.0972865130723,"C_nonlinear_observability"
156,0.0818547115243868,0.00771083177780853,0.0878113419656512,0.0873942528141886,0.00871207339227803,0.093338488268656,"scap_x_l075","trad",0.00553954128980187,0.0010012416144695,0.885074244742135,"C_nonlinear_observability"
156,0.0837311705517557,0.00803494784332432,0.0896378705867354,0.0873942528141886,0.00871207339227803,0.093338488268656,"scap_x_l050","trad",0.00366308226243295,0.000677125548953713,0.92227733646575,"C_nonlinear_observability"
156,0.0801573945681659,0.00741830833812609,0.0861296019851833,0.0873942528141886,0.00871207339227803,0.093338488268656,"scap_x_l100","trad",0.00723685824602273,0.00129376505415194,0.851497456931588,"C_nonlinear_observability"
156,0.085146301841562,0.00829268651863838,0.0910641890022548,0.070190810749056,0.00589492326927496,0.0767784036645394,"ps_x_spline","ps_x_logit",-0.014955491092506,-0.00239776324936342,1.40675054446609,"C_nonlinear_observability"
156,0.0837311705517557,0.00803494784332432,0.0896378705867354,0.0808393931653694,0.00757644047701315,0.0870427508584899,"scap_x_l050","scap_marg_l050",-0.00289177738638624,-0.000458507366311162,1.0605175171246,"C_nonlinear_observability"
156,0.0488668066626585,0.0111823194464003,0.105746486685848,0.0873942528141886,0.00871207339227802,0.0933384882686559,"ipcw_x","ipcw_marg",0.0385274461515301,-0.00247024605412224,1.28354284254673,"C_nonlinear_observability"
156,0.085146301841562,0.00829268651863838,0.0910641890022548,0.0641835094202367,0.00510309121674719,0.071435923853109,"ps_x_spline","ps_marg_logit",-0.0209627924213253,-0.00318959530189119,1.62503199853133,"C_nonlinear_observability"
157,0.0157715307335756,0.00688061370084881,0.0829494647411833,0.014488672191935,0.00764058648890891,0.0874104483966815,"scap_x_l050","trad",-0.00128285854164055,0.000759972788060107,0.900534757487101,"C_nonlinear_observability"
157,0.00926160948384593,0.00826705074175214,0.0909233234200782,0.0147560868157608,0.0066160620821447,0.0813391792566454,"ps_x_spline","ps_marg_logit",0.00549447733191482,-0.00165098865960744,1.24954249810671,"C_nonlinear_observability"
157,0.00926160948384593,0.00826705074175214,0.0909233234200782,0.0140850881798834,0.00675669514255535,0.0821991188672686,"ps_x_spline","ps_x_logit",0.00482347869603749,-0.00151035559919679,1.2235346670718,"C_nonlinear_observability"
157,0.0161936657678879,0.00664187432444145,0.0814976952093827,0.014488672191935,0.00764058648890891,0.0874104483966815,"scap_x_l075","trad",-0.00170499357595288,0.000998712164467465,0.869288546642696,"C_nonlinear_observability"
157,0.013698529530502,0.0246525880571639,0.15701142651783,0.0144222107746043,0.00764002261171865,0.0874072228807131,"ipcw_x","ipcw_marg",0.000723681244102265,-0.0170125654454453,3.22676899140986,"C_nonlinear_observability"
157,0.0164760702854855,0.00660847608838591,0.0812925340261079,0.014488672191935,0.00764058648890891,0.0874104483966815,"scap_x_l100","trad",-0.00198739809355049,0.00103211040052301,0.864917385331451,"C_nonlinear_observability"
157,0.0157715307335756,0.00688061370084881,0.0829494647411833,0.0170529476067266,0.00684682101255129,0.0827455195920075,"scap_x_l050","scap_marg_l050",0.00128141687315101,-3.37926882975157e-05,1.00493552967656,"C_nonlinear_observability"
158,0.00477394558014869,0.00808827314330511,0.0899348271989506,0.012614837406678,0.00647145026095285,0.0804453246680803,"ps_x_spline","ps_marg_logit",0.00784089182652933,-0.00161682288235226,1.24983934313886,"C_nonlinear_observability"
158,0.0117235378817263,0.00664141233697036,0.0814948608009755,0.0125752659056249,0.00655651426226482,0.0809723055264256,"scap_x_l050","scap_marg_l050",0.000851728023898603,-8.48980747055446e-05,1.01294866011261,"C_nonlinear_observability"
158,0.0117235378817263,0.00664141233697036,0.0814948608009755,0.0114503731634756,0.00709949809931121,0.0842585194464703,"scap_x_l050","trad",-0.000273164718250644,0.000458085762340849,0.935476317349068,"C_nonlinear_observability"
158,0.0118168197576303,0.00651008112771757,0.0806850737603776,0.0114503731634756,0.00709949809931121,0.0842585194464703,"scap_x_l100","trad",-0.000366446594154645,0.000589416971593644,0.916977656258429,"C_nonlinear_observability"
158,0.00477394558014869,0.00808827314330511,0.0899348271989506,0.0120893123493226,0.00644190312570907,0.0802614672536521,"ps_x_spline","ps_x_logit",0.00731536676917395,-0.00164637001759604,1.25557199254139,"C_nonlinear_observability"
158,0.0188600686015762,0.0288784362725435,0.169936565437058,0.0114089914750302,0.00710001210402317,0.0842615695558964,"ipcw_x","ipcw_marg",-0.00745107712654603,-0.0217784241685204,4.06737845646485,"C_nonlinear_observability"
158,0.0119432852489352,0.00652192152189924,0.0807584145578604,0.0114503731634756,0.00709949809931121,0.0842585194464703,"scap_x_l075","trad",-0.000492912085459572,0.000577576577411978,0.918645435306474,"C_nonlinear_observability"
159,0.013522211366898,0.0130014271519612,0.11402380081352,0.0194682833119881,0.00973919725396914,0.0986873712993164,"ps_x_spline","ps_x_logit",0.00594607194509007,-0.00326222989799207,1.33495880747898,"C_nonlinear_observability"
159,0.0271090276692344,0.0415526553788127,0.203844684450718,0.0179334296194487,0.0121922528559288,0.110418534929281,"ipcw_x","ipcw_marg",-0.00917559804978573,-0.0293604025228839,3.40811955508344,"C_nonlinear_observability"
159,0.0182536709897358,0.0103298796762324,0.101636015645205,0.0179403786990974,0.012192197612133,0.110418284772646,"scap_x_l050","trad",-0.000313292290638437,0.00186231793590064,0.847253301238543,"C_nonlinear_observability"
159,0.013522211366898,0.0130014271519612,0.11402380081352,0.0208024458357437,0.0095102960582303,0.0975207468092319,"ps_x_spline","ps_marg_logit",0.00728023446884567,-0.00349113109373091,1.36708963341994,"C_nonlinear_observability"
159,0.0185413203215201,0.00966621662834388,0.098316919339165,0.0179403786990974,0.012192197612133,0.110418284772646,"scap_x_l075","trad",-0.000600941622422749,0.00252598098378917,0.792819878405232,"C_nonlinear_observability"
159,0.0193862491329688,0.00936158314691111,0.096755274517264,0.0179403786990974,0.012192197612133,0.110418284772646,"scap_x_l100","trad",-0.00144587043387144,0.00283061446522194,0.767833941404866,"C_nonlinear_observability"
159,0.0182536709897358,0.0103298796762324,0.101636015645205,0.0190967140153095,0.0101447814749991,0.10072130596353,"scap_x_l050","scap_marg_l050",0.000843043025573652,-0.000185098201233306,1.01824565681276,"C_nonlinear_observability"
160,0.015597734439085,0.0112158799461866,0.105905051561229,0.0173099987969738,0.0125542149577699,0.112045593209951,"scap_x_l050","trad",0.00171226435788882,0.00133833501158334,0.893395563475274,"C_nonlinear_observability"
160,0.015597734439085,0.0112158799461866,0.105905051561229,0.0130247948967833,0.0108382842211231,0.1041070805523,"scap_x_l050","scap_marg_l050",-0.00257293954230172,-0.000377595725063502,1.03483906837649,"C_nonlinear_observability"
160,0.00563590380988177,0.0384981075422776,0.196209346215407,0.0173063730218596,0.0125542640903218,0.112045812462233,"ipcw_x","ipcw_marg",0.0116704692119778,-0.0259438434519558,3.06653637881939,"C_nonlinear_observability"
160,0.0128705970392803,0.0107898817817321,0.103874355746412,0.0173099987969738,0.0125542149577699,0.112045593209951,"scap_x_l100","trad",0.00443940175769346,0.00176433317603787,0.859462883025919,"C_nonlinear_observability"
160,0.0148670456779637,0.0109353581608821,0.104572262865839,0.0173099987969738,0.0125542149577699,0.112045593209951,"scap_x_l075","trad",0.00244295311901009,0.00161885679688781,0.871050734567367,"C_nonlinear_observability"
160,0.0123528047601396,0.0137102415521534,0.117090740676423,0.0136573601807114,0.0110153112900205,0.104953853145182,"ps_x_spline","ps_marg_logit",0.0013045554205718,-0.00269493026213285,1.24465311884326,"C_nonlinear_observability"
160,0.0123528047601396,0.0137102415521534,0.117090740676423,0.0154898665768138,0.0114898880177348,0.10719089521846,"ps_x_spline","ps_x_logit",0.00313706181667411,-0.00222035353441854,1.19324414049914,"C_nonlinear_observability"
161,0.0115287429836753,0.00770299192220084,0.0877666902771253,0.00477230816964943,0.00247654866644473,0.0497649341046959,"ipcw_x","ipcw_marg",-0.00675643481402591,-0.00522644325575611,3.11037373364403,"C_nonlinear_observability"
161,0.00496492949893601,0.0021058731524993,0.0458897935547688,0.00479707580784354,0.00247659416558307,0.0497653912431428,"scap_x_l100","trad",-0.000167853691092471,0.000370721013083769,0.85031014841445,"C_nonlinear_observability"
161,0.00503280960712201,0.00215505832027277,0.0464226057031783,0.00479707580784354,0.00247659416558307,0.0497653912431428,"scap_x_l075","trad",-0.000235733799278466,0.000321535845310306,0.870170151501344,"C_nonlinear_observability"
161,0.00499138132008043,0.00224374613501492,0.0473681975065013,0.00479707580784354,0.00247659416558307,0.0497653912431428,"scap_x_l050","trad",-0.000194305512236887,0.000232848030568152,0.905980546266315,"C_nonlinear_observability"
161,0.0035831112001824,0.00245121597952291,0.0495097564074285,0.00673517283001328,0.00204516015630639,0.0452234469750636,"ps_x_spline","ps_marg_logit",0.00315206162983088,-0.000406055823216519,1.19854475551189,"C_nonlinear_observability"
161,0.0035831112001824,0.00245121597952291,0.0495097564074285,0.00471464909541648,0.00207497713844517,0.0455519169568655,"ps_x_spline","ps_x_logit",0.00113153789523408,-0.000376238841077737,1.1813219211464,"C_nonlinear_observability"
161,0.00499138132008043,0.00224374613501492,0.0473681975065013,0.00725046521711516,0.00219655695162128,0.0468674402076887,"scap_x_l050","scap_marg_l050",0.00225908389703473,-4.71891833936405e-05,1.02148325057486,"C_nonlinear_observability"
162,0.0152858294501887,0.00248156145217729,0.0498152732821701,0.014871625840936,0.00265522046368655,0.0515288313828924,"scap_x_l075","trad",-0.000414203609252621,0.000173659011509268,0.934597140281091,"C_nonlinear_observability"
162,0.015239896146013,0.00251452314211039,0.0501450211098808,0.014871625840936,0.00265522046368655,0.0515288313828924,"scap_x_l050","trad",-0.000368270305076933,0.000140697321576162,0.947011058591792,"C_nonlinear_observability"
162,0.0155295561389764,0.00245361544459059,0.049533982724899,0.014871625840936,0.00265522046368655,0.0515288313828924,"scap_x_l100","trad",-0.000657930298040401,0.000201605019095963,0.924072211007273,"C_nonlinear_observability"
162,0.0137594361639959,0.00264020146993044,0.051382890828859,0.01655305229272,0.00246870061648834,0.0496860203325678,"ps_x_spline","ps_x_logit",0.00279361612872407,-0.000171500853442101,1.06947008976976,"C_nonlinear_observability"
162,0.015239896146013,0.00251452314211039,0.0501450211098808,0.0159945930517688,0.0024625093736028,0.0496236775501655,"scap_x_l050","scap_marg_l050",0.000754696905755791,-5.20137685075936e-05,1.02112226213844,"C_nonlinear_observability"
162,6.92131300126395e-05,0.0120636260428943,0.109834539389458,0.0148535117927351,0.00265492964991382,0.0515260094507019,"ipcw_x","ipcw_marg",0.0147842986627224,-0.00940869639298048,4.54385902213488,"C_nonlinear_observability"
162,0.0137594361639959,0.00264020146993044,0.051382890828859,0.0175872672538644,0.00243790086486604,0.0493751036947371,"ps_x_spline","ps_marg_logit",0.00382783108986844,-0.000202300605064405,1.08298147311069,"C_nonlinear_observability"
163,0.0133238110237931,0.00364263547393333,0.0603542498415259,0.013575322964495,0.00414008474903502,0.0643434903392334,"scap_x_l050","trad",0.000251511940701896,0.00049744927510169,0.879845629919137,"C_nonlinear_observability"
163,0.011453517453675,0.00396188558603005,0.0629435110716748,0.016618283015314,0.00337415423728714,0.0580874705705726,"ps_x_spline","ps_marg_logit",0.00516476556163903,-0.000587731348742908,1.17418627229544,"C_nonlinear_observability"
163,0.011453517453675,0.00396188558603005,0.0629435110716748,0.0144039026750088,0.00338571349093625,0.0581868841830893,"ps_x_spline","ps_x_logit",0.00295038522133383,-0.000576172095093797,1.17017745200125,"C_nonlinear_observability"
163,0.00730780806517517,0.0220757239003302,0.148579015679638,0.013572718328521,0.00413992026314952,0.0643422121406275,"ipcw_x","ipcw_marg",0.00626491026334586,-0.0179358036371807,5.33240316168207,"C_nonlinear_observability"
163,0.0130324155111896,0.00340273312317276,0.0583329505783203,0.013575322964495,0.00414008474903502,0.0643434903392334,"scap_x_l100","trad",0.000542907453305404,0.000737351625862264,0.821899388404035,"C_nonlinear_observability"
163,0.0128061875751433,0.00347676292838112,0.0589640816801306,0.013575322964495,0.00414008474903502,0.0643434903392334,"scap_x_l075","trad",0.00076913538935164,0.000663321820653903,0.839780617822253,"C_nonlinear_observability"
163,0.0133238110237931,0.00364263547393333,0.0603542498415259,0.0137733195984527,0.00350682113379859,0.0592184188728354,"scap_x_l050","scap_marg_l050",0.000449508574659589,-0.00013581434013474,1.03872861915476,"C_nonlinear_observability"
164,0.0159219680509398,0.00339284058758891,0.0582480951412912,0.0149080216706273,0.00284129962948716,0.0533038425396064,"ps_x_spline","ps_marg_logit",-0.0010139463803125,-0.000551540958101752,1.19411573224373,"C_nonlinear_observability"
164,0.0170382897973055,0.00312336984379042,0.0558871169751171,0.0187406248836509,0.00347367580687222,0.0589378978830449,"scap_x_l050","trad",0.00170233508634541,0.000350305963081806,0.899154099991493,"C_nonlinear_observability"
164,0.00516292328919983,0.0199322094771598,0.141181477103619,0.0187389016888043,0.00347362100155264,0.058937432939963,"ipcw_x","ipcw_marg",0.0135759783996045,-0.0164585884756071,5.73816471867555,"C_nonlinear_observability"
164,0.0159901640029932,0.00302053808168695,0.0549594221374912,0.0187406248836509,0.00347367580687222,0.0589378978830449,"scap_x_l075","trad",0.00275046088065765,0.00045313772518527,0.869550945344757,"C_nonlinear_observability"
164,0.0159219680509398,0.00339284058758891,0.0582480951412912,0.0174994954680556,0.00300480890397556,0.0548161372587996,"ps_x_spline","ps_x_logit",0.00157752741711577,-0.000388031683613347,1.12913689223297,"C_nonlinear_observability"
164,0.0170382897973055,0.00312336984379042,0.0558871169751171,0.0131757854239584,0.00290508184517064,0.0538988111665799,"scap_x_l050","scap_marg_l050",-0.00386250437334707,-0.000218287998619778,1.07514005121152,"C_nonlinear_observability"
164,0.0150948453752715,0.00296410721280982,0.0544436149866063,0.0187406248836509,0.00347367580687222,0.0589378978830449,"scap_x_l100","trad",0.00364577950837936,0.000509568594062405,0.853305655912308,"C_nonlinear_observability"
165,0.00879992382711331,0.00143867092801891,0.0379298158184153,0.00836384818963081,0.00154210968657483,0.0392697044370699,"scap_x_l050","trad",-0.000436075637482495,0.00010343875855592,0.932923864329218,"C_nonlinear_observability"
165,0.00818123000767524,0.00152645083992459,0.0390698200651678,0.0117988632185044,0.00139499404229262,0.037349619038119,"ps_x_spline","ps_marg_logit",0.00361763321082918,-0.000131456797631966,1.09423466598891,"C_nonlinear_observability"
165,0.00818123000767524,0.00152645083992459,0.0390698200651678,0.00966757915593864,0.0013829678603085,0.0371882758447942,"ps_x_spline","ps_x_logit",0.0014863491482634,-0.000143482979616083,1.10375004635616,"C_nonlinear_observability"
165,0.00879992382711331,0.00143867092801891,0.0379298158184153,0.0113155435658622,0.0014462364106156,0.0380294150706476,"scap_x_l050","scap_marg_l050",0.00251561973874894,7.56548259668978e-06,0.994768847927519,"C_nonlinear_observability"
165,0.00405300440442589,0.00379837812983661,0.0616309835215747,0.00834636910220318,0.00154177710418295,0.0392654696162283,"ipcw_x","ipcw_marg",0.00429336469777728,-0.00225660102565366,2.46363635802565,"C_nonlinear_observability"
165,0.00924721941993539,0.0013914041321171,0.037301529889766,0.00836384818963081,0.00154210968657483,0.0392697044370699,"scap_x_l100","trad",-0.000883371230304578,0.000150705554457726,0.902273128967592,"C_nonlinear_observability"
165,0.00893189975092567,0.00140395215172717,0.0374693494969844,0.00836384818963081,0.00154210968657483,0.0392697044370699,"scap_x_l075","trad",-0.000568051561294861,0.000138157534847665,0.910410046671501,"C_nonlinear_observability"
166,0.0145501192757509,0.0017405699806827,0.0417201387903097,0.0165593561146582,0.00165472648474513,0.0406783294242172,"ps_x_spline","ps_x_logit",0.00200923683890725,-8.5843495937572e-05,1.05187775546531,"C_nonlinear_observability"
166,0.0153399757445583,0.00169642799500908,0.0411877165549279,0.016007801725753,0.00165972866218328,0.0407397675764514,"scap_x_l050","scap_marg_l050",0.000667825981194707,-3.66993328257993e-05,1.02211164611541,"C_nonlinear_observability"
166,0.00115220128417561,0.00632656811488227,0.0795397266457603,0.0151932291318596,0.00177794040915689,0.0421656306623876,"ipcw_x","ipcw_marg",0.014041027847684,-0.00454862770572539,3.55836904448467,"C_nonlinear_observability"
166,0.0153399757445583,0.00169642799500908,0.0411877165549279,0.0152070970003142,0.0017782769770211,0.0421696214948759,"scap_x_l050","trad",-0.000132878744244084,8.18489820120158e-05,0.953972872016188,"C_nonlinear_observability"
166,0.0153844726779534,0.00166462358296793,0.0407997988103855,0.0152070970003142,0.0017782769770211,0.0421696214948759,"scap_x_l075","trad",-0.000177375677639221,0.000113653394053164,0.93608791233211,"C_nonlinear_observability"
166,0.0145501192757509,0.0017405699806827,0.0417201387903097,0.0175676790557453,0.00164690466014956,0.0405820731376498,"ps_x_spline","ps_marg_logit",0.00301755977999437,-9.36653205331468e-05,1.05687355364253,"C_nonlinear_observability"
166,0.0153209868752835,0.00165177232767536,0.0406420020136232,0.0152070970003142,0.0017782769770211,0.0421696214948759,"scap_x_l100","trad",-0.000113889874969349,0.000126504649345741,0.92886111051291,"C_nonlinear_observability"
167,0.0175010950621531,0.00237964584753643,0.0487816138266912,0.017789337120277,0.00227673502503181,0.0477151446087278,"scap_x_l050","scap_marg_l050",0.000288242058123809,-0.000102910822504628,1.0452010538658,"C_nonlinear_observability"
167,0.0175010950621531,0.00237964584753643,0.0487816138266912,0.0178589061594816,0.00266796465050168,0.0516523440949361,"scap_x_l050","trad",0.000357811097328437,0.000288318802965249,0.891933049820944,"C_nonlinear_observability"
167,0.0166838240814831,0.0025389832442453,0.0503883244834088,0.0185746217491944,0.00219097749278808,0.0468078785332991,"ps_x_spline","ps_x_logit",0.00189079766771128,-0.000348005751457217,1.15883584044233,"C_nonlinear_observability"
167,0.0166838240814831,0.0025389832442453,0.0503883244834088,0.0209836940725419,0.00227531255439991,0.0477002364187003,"ps_x_spline","ps_marg_logit",0.00429986999105876,-0.000263670689845391,1.11588328352319,"C_nonlinear_observability"
167,0.000848388751776633,0.0123926936991247,0.111322476163283,0.0178571257140899,0.00266789059658138,0.0516516272404014,"ipcw_x","ipcw_marg",0.0170087369623132,-0.00972480310254333,4.64512814543619,"C_nonlinear_observability"
167,0.0167779499987806,0.0022186217081904,0.0471022473794021,0.0178589061594816,0.00266796465050168,0.0516523440949361,"scap_x_l100","trad",0.00108095616070099,0.000449342942311286,0.831578374838365,"C_nonlinear_observability"
167,0.0170533968719417,0.00227499271279574,0.0476968836801288,0.0178589061594816,0.00266796465050168,0.0516523440949361,"scap_x_l075","trad",0.000805509287539832,0.000392971937705947,0.852707217229414,"C_nonlinear_observability"
168,0.017778039188859,0.0022358219197267,0.0472844786343965,0.019662224824682,0.00250488403557961,0.0500488165252647,"scap_x_l075","trad",0.00188418563582302,0.000269062115852913,0.892585001129342,"C_nonlinear_observability"
168,0.0183675991654227,0.00232501637607915,0.0482184236166961,0.0148679875908623,0.00212276203685227,0.0460734417734585,"scap_x_l050","scap_marg_l050",-0.00349961157456041,-0.000202254339226885,1.09527885637469,"C_nonlinear_observability"
168,0.0180585989367682,0.00241899214259352,0.0491832506306112,0.0188395012196886,0.00222271399928983,0.0471456678740458,"ps_x_spline","ps_x_logit",0.000780902282920357,-0.000196278143303689,1.08830562248063,"C_nonlinear_observability"
168,0.0183675991654227,0.00232501637607915,0.0482184236166961,0.019662224824682,0.00250488403557961,0.0500488165252647,"scap_x_l050","trad",0.00129462565925932,0.000179867659500461,0.928193218949219,"C_nonlinear_observability"
168,0.0172669778106361,0.00220711818516307,0.0469799764278684,0.019662224824682,0.00250488403557961,0.0500488165252647,"scap_x_l100","trad",0.00239524701404598,0.000297765850416541,0.881125893978705,"C_nonlinear_observability"
168,0.00463409366114581,0.0122440404306608,0.110652792240688,0.019661328979886,0.00250485647433832,0.0500485411809208,"ipcw_x","ipcw_marg",0.0150272353187402,-0.00973918395632252,4.88812055944052,"C_nonlinear_observability"
168,0.0180585989367682,0.00241899214259352,0.0491832506306112,0.0165865616799827,0.0020855843115453,0.0456681980326058,"ps_x_spline","ps_marg_logit",-0.00147203725678554,-0.000333407831048217,1.15986303176647,"C_nonlinear_observability"
169,0.0207456554420861,0.00436273966356051,0.0660510383231067,0.000855522605604102,0.00415363065059365,0.0644486667867819,"scap_x_l075","trad",-0.019890132836482,-0.00020910901296686,1.05034367052761,"C_nonlinear_observability"
169,0.0140040687682034,0.00415677466915628,0.0644730538221688,0.0154445648854637,0.00423624727454906,0.0650864599939885,"scap_x_l050","scap_marg_l050",0.00144049611726027,7.94726053927868e-05,0.98123985682558,"C_nonlinear_observability"
169,0.00499487430210037,0.00501725476259846,0.0708325826339719,0.0185205196181981,0.00454922423260582,0.0674479372005239,"ps_x_spline","ps_x_logit",0.0135256453160977,-0.000468030529992635,1.10288139385131,"C_nonlinear_observability"
169,0.0140040687682034,0.00415677466915628,0.0644730538221688,0.000855522605604102,0.00415363065059365,0.0644486667867819,"scap_x_l050","trad",-0.0131485461625993,-3.14401856262459e-06,1.00075693262765,"C_nonlinear_observability"
169,0.0289854820522184,0.00493559421115464,0.0702537843191001,0.000855522605604102,0.00415363065059365,0.0644486667867819,"scap_x_l100","trad",-0.0281299594466143,-0.000781963560560991,1.18826025382137,"C_nonlinear_observability"
169,0.0483839273292866,0.0226332049908535,0.15044336140506,0.000980567390934739,0.0041530127052603,0.0644438725191177,"ipcw_x","ipcw_marg",-0.0474033599383518,-0.0184801922855932,5.44982801574043,"C_nonlinear_observability"
169,0.00499487430210037,0.00501725476259846,0.0708325826339719,0.0227484098674376,0.00482330868025459,0.0694500444942593,"ps_x_spline","ps_marg_logit",0.0177535355653372,-0.000193946082343862,1.04021017421875,"C_nonlinear_observability"
170,0.00203908357333433,0.00493830716363753,0.0702730898967559,0.0179633583812067,0.00434855638724332,0.065943584883166,"ps_x_spline","ps_marg_logit",0.0159242748078724,-0.000589750776394215,1.13561989862297,"C_nonlinear_observability"
170,0.00203908357333433,0.00493830716363753,0.0702730898967559,0.0148613260459709,0.0042635118674645,0.0652955731077115,"ps_x_spline","ps_x_logit",0.0128222424726365,-0.000674795296173035,1.15827217494632,"C_nonlinear_observability"
170,0.00938538204830076,0.00394374172631387,0.062799217561319,0.0122035824251134,0.00401801468992926,0.0633878118405207,"scap_x_l050","scap_marg_l050",0.00281820037681265,7.42729636153874e-05,0.981515009439476,"C_nonlinear_observability"
170,0.0156287797678432,0.00415232482700877,0.0644385352643026,0.00267485590705769,0.00405281039827475,0.0636616870517484,"scap_x_l075","trad",-0.0129539238607855,-9.95144287340164e-05,1.02455442494334,"C_nonlinear_observability"
170,0.0214832163125482,0.00444597028428617,0.0666781094834442,0.00267485590705769,0.00405281039827475,0.0636616870517484,"scap_x_l100","trad",-0.0188083604054905,-0.000393159886011419,1.09700919790839,"C_nonlinear_observability"
170,0.00938538204830076,0.00394374172631387,0.062799217561319,0.00267485590705769,0.00405281039827475,0.0636616870517484,"scap_x_l050","trad",-0.00671052614124307,0.000109068671960881,0.973088138540281,"C_nonlinear_observability"
170,0.0430513210801183,0.0192362245638076,0.138694717144553,0.00279088429409171,0.00405364537650432,0.0636682446475817,"ipcw_x","ipcw_marg",-0.0402604367860266,-0.0151825791873033,4.74541376394302,"C_nonlinear_observability"
171,0.0235440843422426,0.00949859629833605,0.0974607423444745,0.0428952048297923,0.0087538938448667,0.0935622458306058,"ps_x_spline","ps_x_logit",0.0193511204875497,-0.000744702453469345,1.08507099431027,"C_nonlinear_observability"
171,0.0454050123199478,0.0083241889985933,0.0912369935858986,0.0084832926375365,0.00726149350575361,0.0852143972915,"scap_x_l075","trad",-0.0369217196824113,-0.0010626954928397,1.1463466836399,"C_nonlinear_observability"
171,0.0235440843422426,0.00949859629833605,0.0974607423444745,0.0451561073808363,0.00895315942170969,0.0946211362313394,"ps_x_spline","ps_marg_logit",0.0216120230385936,-0.00054543687662636,1.06092116212114,"C_nonlinear_observability"
171,0.0330635720398197,0.0074114449971969,0.0860897496639229,0.0084832926375365,0.00726149350575361,0.0852143972915,"scap_x_l050","trad",-0.0245802794022832,-0.000149951491443299,1.02065022730165,"C_nonlinear_observability"
171,0.0330635720398197,0.0074114449971969,0.0860897496639229,0.0349261773359238,0.00751132680762914,0.0866679110607215,"scap_x_l050","scap_marg_l050",0.00186260529610412,9.98818104322313e-05,0.986702507694009,"C_nonlinear_observability"
171,0.0962744101029769,0.0469671441216208,0.216719044206135,0.0084428840973178,0.0072595536297029,0.0852030142055016,"ipcw_x","ipcw_marg",-0.0878315260056591,-0.0397075904919179,6.46970137798169,"C_nonlinear_observability"
171,0.0574622076510597,0.00984617105834946,0.0992278744020523,0.0084832926375365,0.00726149350575361,0.0852143972915,"scap_x_l100","trad",-0.0489789150135232,-0.00258467755259586,1.35594296828165,"C_nonlinear_observability"
172,0.0123499562257051,0.00870625677536807,0.0933073243393469,0.0203402717877528,0.00672421536865931,0.082001313213017,"ps_x_spline","ps_marg_logit",0.00799031556204772,-0.00198204140670876,1.29476173769609,"C_nonlinear_observability"
172,0.0123499562257051,0.00870625677536807,0.0933073243393469,0.0217093827202476,0.00691092618264983,0.0831319805047963,"ps_x_spline","ps_x_logit",0.0093594264945425,-0.00179533059271824,1.25978147433053,"C_nonlinear_observability"
172,0.0159482371316209,0.00636495121912622,0.0797806443890134,0.0172551933311533,0.00647158677960646,0.080446173181864,"scap_x_l050","scap_marg_l050",0.00130695619953237,0.000106635560480238,0.983522501650403,"C_nonlinear_observability"
172,0.0641544535152463,0.0325909414312084,0.180529613723645,0.001375271137275,0.00658397340165023,0.0811416871999235,"ipcw_x","ipcw_marg",-0.0627791823779713,-0.0260069680295581,4.95004147845428,"C_nonlinear_observability"
172,0.0341723796825235,0.0075132625109769,0.086679077700313,0.00135261336797689,0.00658410948427752,0.0811425257449971,"scap_x_l100","trad",-0.0328197663145467,-0.000929153026699375,1.14112053101762,"C_nonlinear_observability"
172,0.0244402743686122,0.00683348317093374,0.0826648847512276,0.00135261336797689,0.00658410948427752,0.0811425257449971,"scap_x_l075","trad",-0.0230876610006353,-0.000249373686656216,1.03787508200641,"C_nonlinear_observability"
172,0.0159482371316209,0.00636495121912622,0.0797806443890134,0.00135261336797689,0.00658410948427752,0.0811425257449971,"scap_x_l050","trad",-0.014595623763644,0.0002191582651513,0.966714061229596,"C_nonlinear_observability"
173,0.00188175910746791,0.00143944039561795,0.0379399577703764,0.0203516636142512,0.00176004175601567,0.0419528515838396,"ps_x_spline","ps_x_logit",0.0184699045067833,0.000320601360397723,0.817844457779519,"C_nonlinear_observability"
173,0.00673046230623786,0.00380960699619762,0.0617220138702361,0.00399420616999276,0.00141740421125151,0.0376484290675124,"ipcw_x","ipcw_marg",-0.00273625613624511,-0.00239220278494611,2.68773506241659,"C_nonlinear_observability"
173,0.0184339792733663,0.00170241750768477,0.0412603624279376,0.00390866133287525,0.00141636801623414,0.037634665087312,"scap_x_l100","trad",-0.014525317940491,-0.000286049491450623,1.20195986365971,"C_nonlinear_observability"
173,0.00188175910746791,0.00143944039561795,0.0379399577703764,0.0245902688286005,0.0019609913264642,0.0442830817182386,"ps_x_spline","ps_marg_logit",0.0227085097211326,0.000521550930846254,0.73403710469916,"C_nonlinear_observability"
173,0.00738353484300641,0.00138482275974566,0.0372132067920202,0.00880823865471368,0.00143521130007671,0.0378841827162302,"scap_x_l050","scap_marg_l050",0.00142470381170726,5.03885403310559e-05,0.964891204292802,"C_nonlinear_observability"
173,0.00738353484300641,0.00138482275974566,0.0372132067920202,0.00390866133287525,0.00141636801623414,0.037634665087312,"scap_x_l050","trad",-0.00347487351013116,3.15452564884858e-05,0.97772806493304,"C_nonlinear_observability"
173,0.0129017895217841,0.00149515173434891,0.0386671919635872,0.00390866133287525,0.00141636801623414,0.037634665087312,"scap_x_l075","trad",-0.00899312818890882,-7.87837181147617e-05,1.05562376247681,"C_nonlinear_observability"
174,0.004231287861095,0.00551748042523548,0.0742797443805206,0.00361716646883958,0.00132249609490162,0.0363661394005691,"ipcw_x","ipcw_marg",-0.00061412139225542,-0.00419498433033386,4.17202020218133,"C_nonlinear_observability"
174,0.000670816060803489,0.0013477979856683,0.0367123682928288,0.0203054748778229,0.00178595928828999,0.0422606115465689,"ps_x_spline","ps_marg_logit",0.0196346588170194,0.000438161302621685,0.754663331076705,"C_nonlinear_observability"
174,0.000670816060803489,0.0013477979856683,0.0367123682928288,0.0164649185009359,0.00161001435802906,0.0401249842121971,"ps_x_spline","ps_x_logit",0.0157941024401325,0.000262216372360758,0.837134140417383,"C_nonlinear_observability"
174,0.00490177735926039,0.00130238340551251,0.0360885495069075,0.00744078347630752,0.0013570508419256,0.0368381709905038,"scap_x_l050","scap_marg_l050",0.00253900611704713,5.4667436413083e-05,0.959715999781178,"C_nonlinear_observability"
174,0.0135099219217531,0.00149933124779738,0.0387211989457633,0.00354900977847781,0.00132197571507388,0.036358983966468,"scap_x_l100","trad",-0.00996091214327525,-0.000177355532723504,1.13415944839319,"C_nonlinear_observability"
174,0.00922786069860802,0.00136252424177833,0.0369123860212034,0.00354900977847781,0.00132197571507388,0.036358983966468,"scap_x_l075","trad",-0.00567885092013021,-4.05485267044525e-05,1.03067267139789,"C_nonlinear_observability"
174,0.00490177735926039,0.00130238340551251,0.0360885495069075,0.00354900977847781,0.00132197571507388,0.036358983966468,"scap_x_l050","trad",-0.00135276758078258,1.95923095613652e-05,0.985179523846041,"C_nonlinear_observability"
175,0.0220431528221896,0.00248625322736256,0.0498623427785194,0.00346825822056527,0.00226042230513496,0.047543898716186,"scap_x_l075","trad",-0.0185748946016244,-0.000225830922227604,1.09990651822652,"C_nonlinear_observability"
175,0.013369063109675,0.00218696456842721,0.046764992980083,0.0142888536756043,0.00228999968472889,0.047853941161924,"scap_x_l050","scap_marg_l050",0.000919790565929305,0.000103035116301674,0.955006493237194,"C_nonlinear_observability"
175,0.0104444323435938,0.0103006402303658,0.10149206979053,0.00348857037356566,0.00226062373757225,0.0475460170526644,"ipcw_x","ipcw_marg",-0.00695586197002816,-0.0080400164927935,4.55654784967794,"C_nonlinear_observability"
175,0.0300735609175906,0.00297715971211118,0.0545633550298292,0.00346825822056527,0.00226042230513496,0.047543898716186,"scap_x_l100","trad",-0.0266053026970254,-0.000716737406976228,1.31708119555714,"C_nonlinear_observability"
175,0.0044429410407103,0.00230301425726087,0.0479897307479513,0.028792883229575,0.0029880688636021,0.054663231368097,"ps_x_spline","ps_x_logit",0.0243499421888647,0.000685054606341233,0.770736673881269,"C_nonlinear_observability"
175,0.013369063109675,0.00218696456842721,0.046764992980083,0.00346825822056527,0.00226042230513496,0.047543898716186,"scap_x_l050","trad",-0.00990080488910975,7.34577367077424e-05,0.967502649155041,"C_nonlinear_observability"
175,0.0044429410407103,0.00230301425726087,0.0479897307479513,0.0309221498338983,0.00316375010470345,0.056247223084375,"ps_x_spline","ps_marg_logit",0.026479208793188,0.000860735847442584,0.727938105426546,"C_nonlinear_observability"
176,0.0086162244349471,0.0107723856533696,0.103790103831577,0.0072138736223038,0.00206650604860067,0.0454588390590947,"ipcw_x","ipcw_marg",-0.0014023508126433,-0.00870587960476888,5.21284980543078,"C_nonlinear_observability"
176,0.0180994095164449,0.00223332946468992,0.0472581153315483,0.00720229080157026,0.00206635110162356,0.0454571347713817,"scap_x_l100","trad",-0.0108971187148746,-0.00016697836306636,1.08080832097467,"C_nonlinear_observability"
176,0.0116635688731818,0.00199720970309356,0.0446901521936719,0.00720229080157026,0.00206635110162356,0.0454571347713817,"scap_x_l075","trad",-0.00446127807161153,6.91413985299955e-05,0.966539375387043,"C_nonlinear_observability"
176,0.00552237359522458,0.00191024068516617,0.0437063002914473,0.00720229080157026,0.00206635110162356,0.0454571347713817,"scap_x_l050","trad",0.00167991720634568,0.000156110416457387,0.924451165953971,"C_nonlinear_observability"
176,0.00103150840397795,0.00211503060669869,0.0459894619092102,0.0191511557955424,0.0022554344602219,0.0474914145948708,"ps_x_spline","ps_marg_logit",0.0181196473915644,0.000140403853523209,0.937748643997664,"C_nonlinear_observability"
176,0.00103150840397795,0.00211503060669869,0.0459894619092102,0.0203221285472052,0.0023092301890063,0.0480544502518372,"ps_x_spline","ps_x_logit",0.0192906201432273,0.000194199582307606,0.915902891261277,"C_nonlinear_observability"
176,0.00552237359522458,0.00191024068516617,0.0437063002914473,0.0071675769827508,0.00193003841230825,0.0439322024522815,"scap_x_l050","scap_marg_l050",0.00164520338752622,1.97977271420779e-05,0.989742314445234,"C_nonlinear_observability"
177,0.0134700542622006,0.000948961696854658,0.0308052219088689,0.00564812675737062,0.000837838838647414,0.0289454459051405,"scap_x_l100","trad",-0.00782192750483001,-0.000111122858207244,1.13263034975394,"C_nonlinear_observability"
177,0.00877538565997681,0.000830663729899113,0.0288212374803566,0.00564812675737062,0.000837838838647414,0.0289454459051405,"scap_x_l075","trad",-0.00312725890260619,7.17510874830084e-06,0.991436170755841,"C_nonlinear_observability"
177,0.000880123918254412,0.00078213414221623,0.0279666612633012,0.0236354194267357,0.00130935125549871,0.0361849589677632,"ps_x_spline","ps_marg_logit",0.0227552955084813,0.000527217113282477,0.597344783480831,"C_nonlinear_observability"
177,0.000880123918254412,0.00078213414221623,0.0279666612633012,0.0191780442649519,0.00111818876766799,0.0334393296533886,"ps_x_spline","ps_x_logit",0.0182979203466975,0.000336054625451763,0.699465210911918,"C_nonlinear_observability"
177,0.0039435246761127,0.000779113225277071,0.0279125997584795,0.0048645776414635,0.000798193555410247,0.028252319469563,"scap_x_l050","scap_marg_l050",0.0009210529653508,1.90803301331754e-05,0.976095609888295,"C_nonlinear_observability"
177,0.00969305991564888,0.00172216356617242,0.0414989586155173,0.0057237669370086,0.00083858000426235,0.0289582458768198,"ipcw_x","ipcw_marg",-0.00396929297864027,-0.000883583561910065,2.05366638534066,"C_nonlinear_observability"
177,0.0039435246761127,0.000779113225277071,0.0279125997584795,0.00564812675737062,0.000837838838647414,0.0289454459051405,"scap_x_l050","trad",0.00170460208125792,5.87256133703427e-05,0.929908222606214,"C_nonlinear_observability"
178,0.00237869533995258,0.00271832500101833,0.0521375584489562,0.00583456687902623,0.000860539443384949,0.0293349525887626,"ipcw_x","ipcw_marg",0.00345587153907365,-0.00185778555763338,3.15886159770404,"C_nonlinear_observability"
178,0.00148346822706991,0.000829864768920693,0.0288073735165269,0.0151868290008458,0.00106451171320223,0.0326268557051124,"ps_x_spline","ps_x_logit",0.0137033607737758,0.000234646944281535,0.77957316826916,"C_nonlinear_observability"
178,0.00148346822706991,0.000829864768920693,0.0288073735165269,0.0191444275981165,0.00118738096597638,0.0344583947098002,"ps_x_spline","ps_marg_logit",0.0176609593710466,0.000357516197055691,0.698903547134339,"C_nonlinear_observability"
178,0.005229989782792,0.000832278092706457,0.0288492303659293,0.00577650970100748,0.000859695966017252,0.0293205724026195,"scap_x_l075","trad",0.000546519918215478,2.74178733107952e-05,0.968107477067951,"C_nonlinear_observability"
178,0.00157061295496037,0.000804705121525803,0.0283673248919563,0.00577650970100748,0.000859695966017252,0.0293205724026195,"scap_x_l050","trad",0.00420589674604711,5.4990844491449e-05,0.936034543995586,"C_nonlinear_observability"
178,0.00157061295496037,0.000804705121525803,0.0283673248919563,0.00356588773112306,0.000826144851799632,0.0287427356352806,"scap_x_l050","scap_marg_l050",0.00199527477616268,2.14397302738288e-05,0.974048461081461,"C_nonlinear_observability"
178,0.00902272654467957,0.000896875270609623,0.029947875894788,0.00577650970100748,0.000859695966017252,0.0293205724026195,"scap_x_l100","trad",-0.00324621684367209,-3.71793045923716e-05,1.04324703856017,"C_nonlinear_observability"
179,0.000596342528144792,0.00140680750140942,0.037507432615542,0.0275325924882252,0.00206443065662833,0.0454360061694283,"ps_x_spline","ps_marg_logit",0.0269362499600804,0.000657623155218901,0.68145059602392,"C_nonlinear_observability"
179,0.00534016636957693,0.00132084840573547,0.0363434781733321,0.00589738237800691,0.00134788897878414,0.0367136075424922,"scap_x_l050","scap_marg_l050",0.000557216008429985,2.70405730486785e-05,0.979938575450724,"C_nonlinear_observability"
179,0.0186925627678311,0.00164927675044339,0.0406112884607641,0.00831174279934031,0.00146098704164878,0.0382228601971226,"scap_x_l100","trad",-0.0103808199684908,-0.00018828970879461,1.12887842494627,"C_nonlinear_observability"
179,0.000596342528144792,0.00140680750140942,0.037507432615542,0.0250258472900083,0.00193285115576472,0.0439642031175902,"ps_x_spline","ps_x_logit",0.0244295047618635,0.0005260436543553,0.727840577487627,"C_nonlinear_observability"
179,0.00534016636957693,0.00132084840573547,0.0363434781733321,0.00831174279934031,0.00146098704164878,0.0382228601971226,"scap_x_l050","trad",0.00297157642976338,0.000140138635913317,0.90407948057146,"C_nonlinear_observability"
179,0.00166197112633668,0.0056351629746316,0.0750677225885507,0.00832928703613884,0.00146128462615068,0.0382267527544608,"ipcw_x","ipcw_marg",0.00666731590980216,-0.00417387834848092,3.8563075760783,"C_nonlinear_observability"
179,0.0121848532848887,0.00142317398390925,0.037724978249288,0.00831174279934031,0.00146098704164878,0.0382228601971226,"scap_x_l075","trad",-0.00387311048554842,3.78130577395291e-05,0.974118142966651,"C_nonlinear_observability"
180,0.00152493253633584,0.00692127735011787,0.0831942146433144,0.00924075296639796,0.00126723585413806,0.0355982563356418,"ipcw_x","ipcw_marg",0.00771582043006212,-0.0056540414959798,5.46171206213663,"C_nonlinear_observability"
180,0.00247786274060173,0.00117900852053332,0.0343366935002967,0.0190203622671689,0.00144693040500986,0.0380385384184232,"ps_x_spline","ps_x_logit",0.0165424995265672,0.00026792188447654,0.814834297801134,"C_nonlinear_observability"
180,0.00143052072422704,0.00109857611305933,0.0331447750491586,0.00262217833071775,0.00112168358456331,0.0334915449712806,"scap_x_l050","scap_marg_l050",0.00119165760649071,2.31074715039876e-05,0.979399296002907,"C_nonlinear_observability"
180,0.00247786274060173,0.00117900852053332,0.0343366935002967,0.0179955514758154,0.00139832748796598,0.0373942173065032,"ps_x_spline","ps_marg_logit",0.0155176887352137,0.00021931896743266,0.843156221042552,"C_nonlinear_observability"
180,0.0118731712179759,0.00122570565670317,0.03501007935871,0.00922998464280453,0.00126705881801675,0.0355957696646209,"scap_x_l100","trad",-0.00264318657517138,4.13531613135756e-05,0.967362871616092,"C_nonlinear_observability"
180,0.00679898233316904,0.00112697482934707,0.0335704457722424,0.00922998464280453,0.00126705881801675,0.0355957696646209,"scap_x_l075","trad",0.0024310023096355,0.000140083988669679,0.889441605489992,"C_nonlinear_observability"
180,0.00143052072422704,0.00109857611305933,0.0331447750491586,0.00922998464280453,0.00126705881801675,0.0355957696646209,"scap_x_l050","trad",0.00779946391857749,0.00016848270495742,0.867028505258235,"C_nonlinear_observability"
181,0.0267244680737653,0.00253748276891163,0.0503734331658229,0.00237969941207715,0.00161546662023382,0.0401928677781745,"scap_x_l075","trad",-0.0243447686616882,-0.000922016148677805,1.570742927851,"C_nonlinear_observability"
181,0.0188684466041783,0.00201490833261882,0.0448877303126235,0.0166130001236962,0.00189839009865483,0.043570518687007,"scap_x_l050","scap_marg_l050",-0.00225544648048218,-0.000116518233963995,1.06137739237397,"C_nonlinear_observability"
181,0.0834917536958246,0.0248591826179324,0.15766795050971,0.00227569819721682,0.00161411395966128,0.0401760371323664,"ipcw_x","ipcw_marg",-0.0812160554986077,-0.0232450686582711,15.4011322863158,"C_nonlinear_observability"
181,0.0351018108600198,0.00307964219464175,0.055494524005903,0.00237969941207715,0.00161546662023382,0.0401928677781745,"scap_x_l100","trad",-0.0327221114479427,-0.00146417557440793,1.90634839251337,"C_nonlinear_observability"
181,0.0276331305169277,0.00344270260800927,0.0586745482130818,0.018135984993957,0.00217910810784789,0.0466809180270471,"ps_x_spline","ps_x_logit",-0.00949714552297078,-0.00126359450016137,1.57986774295898,"C_nonlinear_observability"
181,0.0188684466041783,0.00201490833261882,0.0448877303126235,0.00237969941207715,0.00161546662023382,0.0401928677781745,"scap_x_l050","trad",-0.0164887471921012,-0.000399441712385,1.2472608888243,"C_nonlinear_observability"
181,0.0276331305169277,0.00344270260800927,0.0586745482130818,0.0172124835617449,0.00211107493219558,0.0459464354677877,"ps_x_spline","ps_marg_logit",-0.0104206469551828,-0.00133162767581368,1.6307818142811,"C_nonlinear_observability"
182,0.0785522483492168,0.0202393361579791,0.142265020851856,0.000947475161951906,0.00151696798074612,0.0389482731420293,"ipcw_x","ipcw_marg",-0.0776047731872649,-0.018722368177233,13.3419666168724,"C_nonlinear_observability"
182,0.0217658842638171,0.00214119250471437,0.0462730213484529,0.00103595560138763,0.00151703351481917,0.0389491144292032,"scap_x_l075","trad",-0.0207299286624294,-0.000624158989895206,1.41143388316613,"C_nonlinear_observability"
182,0.021621744583282,0.00305951560770553,0.0553128882603822,0.0140151074731488,0.00198485423583173,0.044551702950973,"ps_x_spline","ps_x_logit",-0.00760663711013321,-0.0010746613718738,1.54143087813372,"C_nonlinear_observability"
182,0.0148204386375045,0.00179968643841427,0.0424227113515187,0.0132574559907073,0.0017520239205605,0.0418571848140853,"scap_x_l050","scap_marg_l050",-0.00156298264679714,-4.76625178537787e-05,1.02720426205056,"C_nonlinear_observability"
182,0.021621744583282,0.00305951560770553,0.0553128882603822,0.0133055688085529,0.00181086011212851,0.0425542020501913,"ps_x_spline","ps_marg_logit",-0.0083161757747291,-0.00124865549557702,1.68953724653493,"C_nonlinear_observability"
182,0.0290912697698348,0.00264236128926494,0.0514039034438528,0.00103595560138763,0.00151703351481917,0.0389491144292032,"scap_x_l100","trad",-0.0280553141684471,-0.00112532777444578,1.74179493297478,"C_nonlinear_observability"
182,0.0148204386375045,0.00179968643841427,0.0424227113515187,0.00103595560138763,0.00151703351481917,0.0389491144292032,"scap_x_l050","trad",-0.0137844830361168,-0.000282652923595108,1.18631949843824,"C_nonlinear_observability"
183,0.125279715642806,0.0409271260718299,0.202304537941762,0.00818205960411014,0.00288522243603593,0.0537142665968356,"ipcw_x","ipcw_marg",-0.117097656038696,-0.038041903635794,14.1850851985127,"C_nonlinear_observability"
183,0.0315532346769867,0.0036481237360106,0.0603996998006662,0.0272734444896254,0.00335635482599554,0.0579340558393381,"scap_x_l050","scap_marg_l050",-0.00427979018736125,-0.000291768910015055,1.08693029347054,"C_nonlinear_observability"
183,0.052521523257543,0.00849315257970425,0.0921583017405608,0.0232892544995509,0.00329595790928139,0.0574104338015433,"ps_x_spline","ps_marg_logit",-0.0292322687579921,-0.00519719467042286,2.57683890798108,"C_nonlinear_observability"
183,0.052521523257543,0.00849315257970425,0.0921583017405608,0.0244383802621404,0.00341185927278749,0.0584111228516238,"ps_x_spline","ps_x_logit",-0.0280831429954025,-0.00508129330691677,2.48930330961903,"C_nonlinear_observability"
183,0.0438248199721652,0.00472944086075873,0.0687709303467587,0.00821469511134242,0.00288602652126228,0.0537217509139667,"scap_x_l075","trad",-0.0356101248608228,-0.00184341433949645,1.63873783761702,"C_nonlinear_observability"
183,0.0315532346769867,0.0036481237360106,0.0603996998006662,0.00821469511134242,0.00288602652126228,0.0537217509139667,"scap_x_l050","trad",-0.0233385395656442,-0.000762097214748315,1.26406452232289,"C_nonlinear_observability"
183,0.0556148066689861,0.00618535122157839,0.0786470038944803,0.00821469511134242,0.00288602652126228,0.0537217509139667,"scap_x_l100","trad",-0.0474001115576437,-0.00329932470031611,2.14320664623451,"C_nonlinear_observability"
184,0.0348904653308289,0.0042029742181346,0.0648303495142098,0.00461507470590934,0.00280783719887145,0.0529890290425428,"scap_x_l075","trad",-0.0302753906249196,-0.00139513701926316,1.49687247530729,"C_nonlinear_observability"
184,0.0441414804599395,0.00754660243253666,0.0868711829811052,0.0163685986661976,0.00312427714855296,0.0558952336836779,"ps_x_spline","ps_marg_logit",-0.0277728817937419,-0.0044223252839837,2.41547150707546,"C_nonlinear_observability"
184,0.0462007161380271,0.00560811349329026,0.0748873386714354,0.00461507470590934,0.00280783719887145,0.0529890290425428,"scap_x_l100","trad",-0.0415856414321177,-0.00280027629441881,1.99730721408788,"C_nonlinear_observability"
184,0.111749519063271,0.0368777541266452,0.192035814697793,0.00459389919255308,0.00280763160231606,0.0529870890153069,"ipcw_x","ipcw_marg",-0.107155619870718,-0.0340701225243291,13.1348265549597,"C_nonlinear_observability"
184,0.0250586132688068,0.00345601937604357,0.0587879186231625,0.00461507470590934,0.00280783719887145,0.0529890290425428,"scap_x_l050","trad",-0.0204435385628974,-0.000648182177172126,1.2308474926654,"C_nonlinear_observability"
184,0.0441414804599395,0.00754660243253666,0.0868711829811052,0.0196679024762213,0.00336099617618454,0.0579740991838989,"ps_x_spline","ps_x_logit",-0.0244735779837182,-0.00418560625635212,2.24534692601278,"C_nonlinear_observability"
184,0.0250586132688068,0.00345601937604357,0.0587879186231625,0.021180631064056,0.0031825002812284,0.0564136533228296,"scap_x_l050","scap_marg_l050",-0.00387798220475077,-0.000273519094815169,1.08594471976279,"C_nonlinear_observability"
185,0.011659228051947,0.000657570492128284,0.0256431373300594,0.00277047948648628,0.000492516116146404,0.0221927041197418,"scap_x_l075","trad",-0.0088887485654607,-0.00016505437598188,1.33512482245924,"C_nonlinear_observability"
185,0.00587408995796634,0.00194326750240372,0.0440825078960319,0.00284369707419571,0.000492850454873692,0.0222002354688794,"ipcw_x","ipcw_marg",-0.00303039288377063,-0.00145041704753002,3.94291510373413,"C_nonlinear_observability"
185,0.0164415558597146,0.000827850714931157,0.0287723950155554,0.00277047948648628,0.000492516116146404,0.0221927041197418,"scap_x_l100","trad",-0.0136710763732283,-0.000335334598784753,1.68086015419863,"C_nonlinear_observability"
185,0.00685006068085357,0.000623591008137841,0.0249718042627649,0.0148053277394069,0.00077877944130976,0.027906620026613,"ps_x_spline","ps_x_logit",0.00795526705855332,0.000155188433171919,0.800728646725803,"C_nonlinear_observability"
185,0.00685006068085357,0.000623591008137841,0.0249718042627649,0.0154387756545493,0.000798633430501918,0.0282601031580197,"ps_x_spline","ps_marg_logit",0.00858871497369574,0.000175042422364077,0.780822570557724,"C_nonlinear_observability"
185,0.006892716789726,0.000553425918636932,0.0235250062409542,0.00553596551643839,0.000532622097553284,0.023078606924017,"scap_x_l050","scap_marg_l050",-0.00135675127328761,-2.0803821083648e-05,1.03905925266566,"C_nonlinear_observability"
185,0.006892716789726,0.000553425918636932,0.0235250062409542,0.00277047948648628,0.000492516116146404,0.0221927041197418,"scap_x_l050","trad",-0.00412223730323972,-6.09098024905281e-05,1.12367067897616,"C_nonlinear_observability"
186,0.0032901482779489,0.000554394775367815,0.0235455892975269,0.00983988405925351,0.000612778855692826,0.0247543704362043,"ps_x_spline","ps_marg_logit",0.00654973578130461,5.83840803250102e-05,0.904722429988222,"C_nonlinear_observability"
186,0.0143207200637373,0.00233973673473514,0.0483708252434786,0.00475754922139893,0.000473151679936562,0.0217520500168734,"ipcw_x","ipcw_marg",-0.00956317084233839,-0.00186658505479858,4.9450035452666,"C_nonlinear_observability"
186,0.0114097875681296,0.000643787528229553,0.0253729684552193,0.00469725065849612,0.000472441714644568,0.0217357243873897,"scap_x_l100","trad",-0.00671253690963352,-0.000171345813584986,1.3626813811602,"C_nonlinear_observability"
186,0.00328509884687201,0.000476449031388273,0.021827712463478,0.0022699395477123,0.000469221404376074,0.0216615189766571,"scap_x_l050","scap_marg_l050",-0.00101515929915971,-7.22762701219878e-06,1.01540344695445,"C_nonlinear_observability"
186,0.0032901482779489,0.000554394775367815,0.0235455892975269,0.00952823331818474,0.000599999757969357,0.0244948924874015,"ps_x_spline","ps_x_logit",0.00623808504023584,4.56049826015417e-05,0.92399166500352,"C_nonlinear_observability"
186,0.00328509884687201,0.000476449031388273,0.021827712463478,0.00469725065849612,0.000472441714644568,0.0217357243873897,"scap_x_l050","trad",0.00141215181162411,-4.00731674370553e-06,1.00848213995396,"C_nonlinear_observability"
186,0.00753808758756665,0.000542742131387534,0.0232968266377104,0.00469725065849612,0.000472441714644568,0.0217357243873897,"scap_x_l075","trad",-0.00284083692907053,-7.0300416742966e-05,1.1488023063244,"C_nonlinear_observability"
187,0.0257026533327141,0.00572989511337336,0.0756960706600637,0.00628285242497953,0.000787270219321501,0.028058336004145,"ipcw_x","ipcw_marg",-0.0194198009077346,-0.00494262489405186,7.27818095076885,"C_nonlinear_observability"
187,0.00785390313286173,0.00102782781945989,0.0320597538895715,0.00927499365602992,0.000924311413107573,0.0304024902451686,"ps_x_spline","ps_marg_logit",0.00142109052316819,-0.000103516406352319,1.11199299812202,"C_nonlinear_observability"
187,0.00785390313286173,0.00102782781945989,0.0320597538895715,0.00994887104446346,0.000940631983083587,0.0306697242094478,"ps_x_spline","ps_x_logit",0.00209496791160173,-8.71958363763053e-05,1.09269920430566,"C_nonlinear_observability"
187,0.012817582963949,0.000977297539519398,0.0312617584201433,0.00626449232077068,0.000787109149419096,0.028055465589063,"scap_x_l075","trad",-0.00655309064317835,-0.000190188390100303,1.24162899165975,"C_nonlinear_observability"
187,0.00647410528462786,0.000814905004150951,0.0285465410190263,0.00626449232077068,0.000787109149419096,0.028055465589063,"scap_x_l050","trad",-0.000209612963857181,-2.77958547318553e-05,1.0353138503756,"C_nonlinear_observability"
187,0.0187082893133116,0.00124231141292768,0.0352464383013047,0.00626449232077068,0.000787109149419096,0.028055465589063,"scap_x_l100","trad",-0.0124437969925409,-0.000455202263508584,1.57832165188848,"C_nonlinear_observability"
187,0.00647410528462786,0.000814905004150951,0.0285465410190263,0.0046361374574503,0.000788631495542407,0.028082583491239,"scap_x_l050","scap_marg_l050",-0.00183796782717756,-2.62735086085437e-05,1.03331531742905,"C_nonlinear_observability"
188,0.00852770574803916,0.000843238992598674,0.0290385776614261,0.00878397865439615,0.000775311254016044,0.0278444115401286,"scap_x_l075","trad",0.000256272906356986,-6.79277385826301e-05,1.0876135077761,"C_nonlinear_observability"
188,0.0243452491210215,0.00610522397923425,0.0781359327021458,0.00879704354266251,0.000775531814565922,0.0278483718476668,"ipcw_x","ipcw_marg",-0.015548205578359,-0.00532969216466833,7.87230628655956,"C_nonlinear_observability"
188,0.0142882486809146,0.00102025749588447,0.0319414698453981,0.00878397865439615,0.000775311254016044,0.0278444115401286,"scap_x_l100","trad",-0.00550427002651841,-0.000244946241868429,1.3159327826078,"C_nonlinear_observability"
188,0.00260101809922143,0.000914907175179561,0.0302474325386397,0.00790161784612631,0.000864294560898937,0.0293988870690531,"ps_x_spline","ps_x_logit",0.00530059974690488,-5.06126142806243e-05,1.05855945018095,"C_nonlinear_observability"
188,0.00269587515553708,0.000741332503938978,0.0272274219113558,0.000735368413358437,0.000719080417323909,0.0268156748437161,"scap_x_l050","scap_marg_l050",-0.00196050674217865,-2.22520866150696e-05,1.03094519900553,"C_nonlinear_observability"
188,0.00269587515553708,0.000741332503938978,0.0272274219113558,0.00878397865439615,0.000775311254016044,0.0278444115401286,"scap_x_l050","trad",0.00608810349885907,3.39787500770658e-05,0.956174052806458,"C_nonlinear_observability"
188,0.00260101809922143,0.000914907175179561,0.0302474325386397,0.00635504063929428,0.000817831603014753,0.0285977552093648,"ps_x_spline","ps_marg_logit",0.00375402254007285,-9.70755721648085e-05,1.11869872942909,"C_nonlinear_observability"
189,0.00691711159558967,0.000352075590283635,0.0187636774189825,0.00468203859587555,0.000312226951031892,0.0176699448508447,"scap_x_l075","trad",-0.00223507299971412,-3.98486392517427e-05,1.12762716069207,"C_nonlinear_observability"
189,0.0108092257094561,0.000435875350505824,0.020877627990407,0.00468203859587555,0.000312226951031892,0.0176699448508447,"scap_x_l100","trad",-0.00612718711358051,-0.000123648399473932,1.39602090423418,"C_nonlinear_observability"
189,0.00298696127994608,0.000614179031956708,0.0247826356943064,0.00474461047892535,0.000312710358829711,0.0176836183749173,"ipcw_x","ipcw_marg",0.00175764919897927,-0.000301468673126997,1.96405080488927,"C_nonlinear_observability"
189,0.00309942033481379,0.000302889647620661,0.0174037251075929,0.00198236480058209,0.000297751887324463,0.0172554886144804,"scap_x_l050","scap_marg_l050",-0.0011170555342317,-5.13776029619791e-06,1.01725517289702,"C_nonlinear_observability"
189,0.00309942033481379,0.000302889647620661,0.0174037251075929,0.00468203859587555,0.000312226951031892,0.0176699448508447,"scap_x_l050","trad",0.00158261826106176,9.33730341123119e-06,0.970094498952214,"C_nonlinear_observability"
189,0.00334403456391913,0.000322254323608227,0.0179514434965054,0.0131744505647702,0.000500085330150827,0.0223625877337759,"ps_x_spline","ps_x_logit",0.00983041600085107,0.000177831006542599,0.644398673944374,"C_nonlinear_observability"
189,0.00334403456391913,0.000322254323608227,0.0179514434965054,0.0136426181577039,0.000515466344590976,0.0227038839098286,"ps_x_spline","ps_marg_logit",0.0102985835937848,0.000193212020982748,0.625170444180866,"C_nonlinear_observability"
190,0.00615794973460711,0.00033874030382526,0.0184048989083141,0.0070120914015792,0.000327568864532585,0.0180988636254486,"scap_x_l100","trad",0.000854141666972095,-1.11714392926751e-05,1.03410409383265,"C_nonlinear_observability"
190,0.00365906342929224,0.000905151292644454,0.0300857323767339,0.00706236971899331,0.000328281307830078,0.0181185349250451,"ipcw_x","ipcw_marg",0.00340330628970108,-0.000576869984814376,2.75724286170131,"C_nonlinear_observability"
190,0.000236368745480859,0.000294943296144247,0.0171739132449261,0.00835353829633274,0.000374181275189156,0.0193437657964822,"ps_x_spline","ps_x_logit",0.00811716955085188,7.92379790449093e-05,0.788236386214535,"C_nonlinear_observability"
190,0.00302176624174681,0.000299771920926443,0.0173139227480789,0.0070120914015792,0.000327568864532585,0.0180988636254486,"scap_x_l075","trad",0.0039903251598324,2.77969436061417e-05,0.915141679763106,"C_nonlinear_observability"
190,0.000236368745480859,0.000294943296144247,0.0171739132449261,0.00899488465644429,0.000386015548995653,0.019647278411924,"ps_x_spline","ps_marg_logit",0.00875851591096343,9.10722528514061e-05,0.764071024889125,"C_nonlinear_observability"
190,0.000352138257759863,0.000281119501207875,0.0167666186575551,0.00137577421842325,0.000283102491097879,0.0168256497971959,"scap_x_l050","scap_marg_l050",0.00102363596066338,1.9829898900035e-06,0.992995505329842,"C_nonlinear_observability"
190,0.000352138257759863,0.000281119501207875,0.0167666186575551,0.0070120914015792,0.000327568864532585,0.0180988636254486,"scap_x_l050","trad",0.00665995314381934,4.644936332471e-05,0.858199699806666,"C_nonlinear_observability"
191,0.00623744955360064,0.000565923499764527,0.0237891466800415,0.0102516278672709,0.000611045604477541,0.0247193366512441,"ps_x_spline","ps_marg_logit",0.00401417831367025,4.51221047130143e-05,0.926155913106363,"C_nonlinear_observability"
191,0.0148716613641812,0.000738741819006619,0.0271798053526257,0.00639309725607153,0.00049941458548184,0.0223475856745609,"scap_x_l100","trad",-0.00847856410810962,-0.000239327233524779,1.47921554652609,"C_nonlinear_observability"
191,0.00427428853135222,0.000482500248600542,0.021965888295276,0.00639309725607153,0.00049941458548184,0.0223475856745609,"scap_x_l050","trad",0.00211880872471931,1.69143368812982e-05,0.966131672215822,"C_nonlinear_observability"
191,0.00623744955360064,0.000565923499764527,0.0237891466800415,0.0104952946249307,0.000607149357303703,0.0246404009160505,"ps_x_spline","ps_x_logit",0.00425784507133003,4.12258575391758e-05,0.932099314537273,"C_nonlinear_observability"
191,0.00427428853135222,0.000482500248600542,0.021965888295276,0.00292733831409617,0.000469678555985394,0.0216720685672917,"scap_x_l050","scap_marg_l050",-0.00134695021725605,-1.28216926151476e-05,1.02729886738867,"C_nonlinear_observability"
191,0.00958140121211683,0.000579886449795383,0.0240808315843823,0.00639309725607153,0.00049941458548184,0.0223475856745609,"scap_x_l075","trad",-0.0031883039560453,-8.04718643135435e-05,1.1611323871046,"C_nonlinear_observability"
191,0.00909948849301989,0.00223319952580757,0.0472567405330454,0.00640964109295019,0.000499632877424971,0.0223524691572312,"ipcw_x","ipcw_marg",-0.0026898474000697,-0.0017335666483826,4.46968089313324,"C_nonlinear_observability"
192,0.00248041185488815,0.000427108560765666,0.0206666049646686,0.0115828670997933,0.000546189918766883,0.0233707064242158,"scap_x_l050","trad",0.0091024552449052,0.000119081358001216,0.781978110709068,"C_nonlinear_observability"
192,0.00167478640393691,0.000501312750326979,0.0223900145227059,0.0047303932948935,0.000474225755947589,0.0217767250969375,"ps_x_spline","ps_x_logit",0.00305560689095659,-2.70869943793906e-05,1.05711835352609,"C_nonlinear_observability"
192,0.00665895852504154,0.000516040374556638,0.0227165220611923,0.0115828670997933,0.000546189918766883,0.0233707064242158,"scap_x_l100","trad",0.0049239085747518,3.01495442102442e-05,0.944800255049907,"C_nonlinear_observability"
192,0.0020629901337439,0.000444659131788431,0.0210869422104873,0.0115828670997933,0.000546189918766883,0.0233707064242158,"scap_x_l075","trad",0.00951987696604945,0.000101530786978452,0.814110836743976,"C_nonlinear_observability"
192,0.00746299464132804,0.00258667367255393,0.0508593518691885,0.0115938276450559,0.000546433316821783,0.0233759131762116,"ipcw_x","ipcw_marg",0.00413083300372783,-0.00204024035573214,4.73374077480997,"C_nonlinear_observability"
192,0.00167478640393691,0.000501312750326979,0.0223900145227059,0.00344326602666271,0.000457826624610451,0.0213968835256551,"ps_x_spline","ps_marg_logit",0.0017684796227258,-4.3486125716528e-05,1.09498382876603,"C_nonlinear_observability"
192,0.00248041185488815,0.000427108560765666,0.0206666049646686,0.00401646887571217,0.000436871656727912,0.0209014749892899,"scap_x_l050","scap_marg_l050",0.00153605702082402,9.7630959622454e-06,0.977652255961467,"C_nonlinear_observability"
